# Wavelength(micron) (rp/rs)^2 Error_Bars
2.742789999999999839e+00 3.073500000000000121e-01 1.114799999999999958e-01
2.743469999999999853e+00 2.342599999999999960e-01 1.072800000000000004e-01
2.744149999999999867e+00 3.417799999999999727e-01 1.223500000000000004e-01
2.744839999999999947e+00 2.638199999999999990e-01 1.104200000000000043e-01
2.745509999999999895e+00 2.451800000000000090e-01 1.085300000000000015e-01
2.746189999999999909e+00 2.975400000000000267e-01 1.066399999999999987e-01
2.746869999999999923e+00 4.248000000000000109e-01 9.925000000000000488e-02
2.747549999999999937e+00 3.195299999999999807e-01 1.063299999999999940e-01
2.748229999999999951e+00 3.977700000000000125e-01 1.031799999999999939e-01
2.748909999999999965e+00 2.883399999999999852e-01 9.235000000000000153e-02
2.749589999999999979e+00 2.327100000000000002e-01 9.915000000000000202e-02
2.750269999999999992e+00 3.347899999999999765e-01 9.836999999999999911e-02
2.750950000000000006e+00 2.923399999999999888e-01 9.588000000000000689e-02
2.751630000000000020e+00 3.340000000000000191e-01 8.777000000000000079e-02
2.752310000000000034e+00 3.912599999999999967e-01 9.213000000000000356e-02
2.752990000000000048e+00 2.619900000000000007e-01 8.665000000000000480e-02
2.754350000000000076e+00 2.933399999999999896e-01 8.072000000000000008e-02
2.755030000000000090e+00 2.246700000000000086e-01 8.003000000000000391e-02
2.755710000000000104e+00 1.767700000000000105e-01 8.211999999999999855e-02
2.756390000000000118e+00 3.835500000000000020e-01 8.477999999999999425e-02
2.757070000000000132e+00 4.455000000000000071e-01 8.208999999999999631e-02
2.757750000000000146e+00 3.938699999999999979e-01 8.440000000000000280e-02
2.758430000000000160e+00 2.169500000000000040e-01 7.065000000000000446e-02
2.759110000000000174e+00 3.201399999999999801e-01 7.996000000000000330e-02
2.759790000000000187e+00 2.407999999999999863e-01 8.061000000000000110e-02
2.760470000000000201e+00 2.800599999999999756e-01 7.882999999999999730e-02
2.761150000000000215e+00 2.034700000000000120e-01 7.038999999999999424e-02
2.762509999999999799e+00 1.914599999999999913e-01 6.680999999999999439e-02
2.763180000000000192e+00 2.295699999999999963e-01 6.876999999999999780e-02
2.763869999999999827e+00 3.657900000000000040e-01 7.201000000000000456e-02
2.764540000000000219e+00 2.443899999999999961e-01 7.095999999999999530e-02
2.765219999999999789e+00 2.574100000000000277e-01 6.561000000000000165e-02
2.765899999999999803e+00 2.560200000000000253e-01 6.440999999999999504e-02
2.766589999999999883e+00 1.735200000000000076e-01 6.683999999999999664e-02
2.767259999999999831e+00 2.293900000000000106e-01 6.827999999999999348e-02
2.767939999999999845e+00 2.498400000000000065e-01 6.615000000000000047e-02
2.768619999999999859e+00 2.910599999999999854e-01 6.826999999999999735e-02
2.769299999999999873e+00 2.750799999999999912e-01 6.478000000000000425e-02
2.769979999999999887e+00 2.485300000000000009e-01 6.370000000000000662e-02
2.770659999999999901e+00 2.517800000000000038e-01 6.411000000000000032e-02
2.771339999999999915e+00 2.296400000000000108e-01 5.827999999999999847e-02
2.772019999999999929e+00 2.978299999999999836e-01 6.443000000000000116e-02
2.772699999999999942e+00 3.099500000000000033e-01 6.343000000000000027e-02
2.773379999999999956e+00 2.938299999999999801e-01 5.913999999999999813e-02
2.774059999999999970e+00 3.537000000000000144e-01 5.870999999999999830e-02
2.774739999999999984e+00 3.009200000000000208e-01 5.704999999999999655e-02
2.775419999999999998e+00 3.534700000000000064e-01 5.777000000000000191e-02
2.776100000000000012e+00 2.348300000000000110e-01 5.564999999999999808e-02
2.776780000000000026e+00 2.990099999999999980e-01 5.675000000000000183e-02
2.777460000000000040e+00 2.854700000000000015e-01 5.800000000000000294e-02
2.778140000000000054e+00 1.571799999999999864e-01 4.887999999999999984e-02
2.778820000000000068e+00 2.907299999999999884e-01 5.632000000000000201e-02
2.779500000000000082e+00 1.690899999999999903e-01 5.226999999999999702e-02
2.780180000000000096e+00 3.485199999999999965e-01 5.337999999999999690e-02
2.780860000000000110e+00 3.834699999999999775e-01 5.315000000000000280e-02
2.781540000000000123e+00 3.097099999999999853e-01 5.312999999999999667e-02
2.782210000000000072e+00 2.701200000000000268e-01 4.861000000000000043e-02
2.782890000000000086e+00 2.795500000000000207e-01 5.405000000000000082e-02
2.783580000000000165e+00 3.318699999999999983e-01 5.152999999999999942e-02
2.784930000000000128e+00 3.596199999999999952e-01 5.238999999999999907e-02
2.785610000000000142e+00 3.360799999999999899e-01 5.122999999999999776e-02
2.786290000000000155e+00 2.879900000000000237e-01 5.170000000000000290e-02
2.786970000000000169e+00 2.166599999999999915e-01 4.819999999999999979e-02
2.787659999999999805e+00 3.057799999999999963e-01 4.877000000000000085e-02
2.788330000000000197e+00 2.725400000000000045e-01 4.839000000000000246e-02
2.789010000000000211e+00 3.068000000000000171e-01 4.748999999999999749e-02
2.789689999999999781e+00 3.221700000000000119e-01 5.149000000000000105e-02
2.790369999999999795e+00 3.401100000000000234e-01 4.755000000000000199e-02
2.791049999999999809e+00 3.410799999999999943e-01 4.735000000000000320e-02
2.791729999999999823e+00 2.914200000000000124e-01 4.769999999999999934e-02
2.792409999999999837e+00 3.180799999999999739e-01 4.814000000000000223e-02
2.793089999999999851e+00 2.668400000000000216e-01 4.721999999999999809e-02
2.793769999999999865e+00 3.627900000000000014e-01 4.574000000000000288e-02
2.794449999999999878e+00 2.991800000000000015e-01 4.700000000000000011e-02
2.795129999999999892e+00 2.942199999999999815e-01 4.565999999999999920e-02
2.795799999999999841e+00 2.948200000000000265e-01 4.508999999999999814e-02
2.796489999999999920e+00 2.175799999999999956e-01 4.456999999999999851e-02
2.797169999999999934e+00 2.650199999999999778e-01 4.209000000000000241e-02
2.797849999999999948e+00 3.202400000000000246e-01 4.460000000000000075e-02
2.798529999999999962e+00 2.876400000000000068e-01 4.343999999999999945e-02
2.799199999999999910e+00 2.972799999999999887e-01 4.184000000000000219e-02
2.799879999999999924e+00 2.670199999999999796e-01 4.213999999999999690e-02
2.800559999999999938e+00 3.292999999999999816e-01 4.259999999999999898e-02
2.801239999999999952e+00 2.453200000000000103e-01 4.317000000000000004e-02
2.801919999999999966e+00 2.790799999999999947e-01 4.281000000000000083e-02
2.802599999999999980e+00 3.500400000000000178e-01 4.456999999999999851e-02
2.803279999999999994e+00 2.968799999999999772e-01 4.379000000000000253e-02
2.803960000000000008e+00 3.095399999999999818e-01 4.440000000000000197e-02
2.804640000000000022e+00 3.512600000000000167e-01 4.393999999999999989e-02
2.805320000000000036e+00 2.651399999999999868e-01 4.252999999999999836e-02
2.806000000000000050e+00 3.349400000000000155e-01 4.132000000000000256e-02
2.806680000000000064e+00 2.866799999999999904e-01 4.102999999999999703e-02
2.807360000000000078e+00 3.106599999999999917e-01 3.907000000000000056e-02
2.808040000000000092e+00 2.816299999999999915e-01 4.028999999999999942e-02
2.808720000000000105e+00 2.925900000000000167e-01 4.111999999999999683e-02
2.809400000000000119e+00 3.395099999999999785e-01 3.842999999999999888e-02
2.810080000000000133e+00 2.762800000000000256e-01 3.891000000000000014e-02
2.810760000000000147e+00 3.462999999999999967e-01 4.007000000000000145e-02
2.811440000000000161e+00 3.457600000000000118e-01 3.991999999999999715e-02
2.812120000000000175e+00 2.906199999999999894e-01 3.701999999999999735e-02
2.812790000000000123e+00 2.558500000000000218e-01 3.921000000000000180e-02
2.813470000000000137e+00 3.913300000000000112e-01 4.100999999999999784e-02
2.814150000000000151e+00 2.957299999999999929e-01 3.928999999999999854e-02
2.814830000000000165e+00 3.057099999999999818e-01 3.957999999999999713e-02
2.815510000000000179e+00 3.249000000000000221e-01 3.830000000000000071e-02
2.816190000000000193e+00 2.910300000000000109e-01 3.722000000000000308e-02
2.816870000000000207e+00 2.948700000000000210e-01 3.733999999999999819e-02
2.817550000000000221e+00 3.013600000000000168e-01 4.191000000000000281e-02
2.818229999999999791e+00 3.132800000000000029e-01 3.797999999999999987e-02
2.818909999999999805e+00 3.081800000000000095e-01 3.765999999999999903e-02
2.819589999999999819e+00 2.622399999999999731e-01 3.928000000000000241e-02
2.820269999999999833e+00 3.255000000000000115e-01 3.973000000000000143e-02
2.820949999999999847e+00 3.232099999999999973e-01 3.951999999999999957e-02
2.821629999999999860e+00 3.344799999999999995e-01 3.869999999999999829e-02
2.822989999999999888e+00 2.699699999999999878e-01 3.699999999999999817e-02
2.823659999999999837e+00 3.003199999999999759e-01 3.801999999999999824e-02
2.824349999999999916e+00 2.993700000000000250e-01 3.640000000000000180e-02
2.825019999999999865e+00 3.094999999999999973e-01 3.665999999999999814e-02
2.825699999999999878e+00 2.858100000000000085e-01 3.597000000000000197e-02
2.826379999999999892e+00 3.612799999999999900e-01 3.608999999999999708e-02
2.827059999999999906e+00 3.460199999999999942e-01 3.681000000000000244e-02
2.827739999999999920e+00 2.897100000000000231e-01 3.515999999999999681e-02
2.828419999999999934e+00 3.351700000000000235e-01 3.459000000000000269e-02
2.829099999999999948e+00 2.564899999999999958e-01 3.556000000000000133e-02
2.829779999999999962e+00 3.029600000000000071e-01 3.531000000000000111e-02
2.830459999999999976e+00 3.396199999999999775e-01 3.624999999999999750e-02
2.831139999999999990e+00 2.889900000000000246e-01 3.636000000000000343e-02
2.831820000000000004e+00 2.734400000000000164e-01 3.543000000000000316e-02
2.832500000000000018e+00 2.589199999999999835e-01 3.479000000000000148e-02
2.833180000000000032e+00 3.418599999999999972e-01 3.314999999999999891e-02
2.833860000000000046e+00 3.397100000000000120e-01 3.721000000000000002e-02
2.834540000000000060e+00 2.784699999999999953e-01 3.416000000000000286e-02
2.835210000000000008e+00 2.754300000000000082e-01 3.577999999999999931e-02
2.835890000000000022e+00 2.867299999999999849e-01 3.699999999999999817e-02
2.836570000000000036e+00 3.292999999999999816e-01 3.563999999999999807e-02
2.837250000000000050e+00 2.967400000000000038e-01 3.581000000000000155e-02
2.837930000000000064e+00 3.593299999999999828e-01 3.368999999999999773e-02
2.838610000000000078e+00 3.208400000000000141e-01 3.420000000000000123e-02
2.839290000000000092e+00 2.835199999999999942e-01 3.413999999999999674e-02
2.839970000000000105e+00 2.934300000000000241e-01 3.321999999999999953e-02
2.840650000000000119e+00 3.151700000000000057e-01 3.355000000000000343e-02
2.841330000000000133e+00 2.621600000000000041e-01 3.604999999999999871e-02
2.842010000000000147e+00 2.954399999999999804e-01 3.352000000000000118e-02
2.842690000000000161e+00 3.108600000000000252e-01 3.359999999999999792e-02
2.843370000000000175e+00 3.378800000000000137e-01 3.395000000000000101e-02
2.844050000000000189e+00 2.987199999999999855e-01 3.325000000000000178e-02
2.844730000000000203e+00 3.260000000000000120e-01 3.416999999999999899e-02
2.845400000000000151e+00 3.324599999999999778e-01 3.320000000000000034e-02
2.846089999999999787e+00 3.922399999999999776e-01 3.400000000000000244e-02
2.846760000000000179e+00 3.215500000000000025e-01 3.244999999999999968e-02
2.847440000000000193e+00 3.644000000000000017e-01 3.388000000000000039e-02
2.848120000000000207e+00 3.189500000000000113e-01 3.339999999999999913e-02
2.848800000000000221e+00 2.915900000000000158e-01 3.384999999999999815e-02
2.850159999999999805e+00 3.635900000000000243e-01 3.434999999999999859e-02
2.850839999999999819e+00 2.519799999999999818e-01 3.277000000000000052e-02
2.851519999999999833e+00 2.650500000000000078e-01 3.280999999999999889e-02
2.852199999999999847e+00 2.880199999999999982e-01 3.366000000000000242e-02
2.852879999999999860e+00 3.219899999999999984e-01 3.386000000000000121e-02
2.853559999999999874e+00 2.919900000000000273e-01 3.241000000000000131e-02
2.854239999999999888e+00 2.884599999999999942e-01 3.434999999999999859e-02
2.854909999999999837e+00 2.907399999999999984e-01 3.303999999999999992e-02
2.855589999999999851e+00 3.164299999999999891e-01 3.359999999999999792e-02
2.856269999999999865e+00 2.513699999999999823e-01 3.321999999999999953e-02
2.856949999999999878e+00 3.466400000000000037e-01 3.234000000000000069e-02
2.857629999999999892e+00 2.735099999999999754e-01 3.235999999999999988e-02
2.858309999999999906e+00 2.718800000000000106e-01 3.144000000000000267e-02
2.858989999999999920e+00 3.213099999999999845e-01 3.198999999999999760e-02
2.859669999999999934e+00 3.223400000000000154e-01 3.096000000000000141e-02
2.860349999999999948e+00 3.378399999999999737e-01 3.144000000000000267e-02
2.861029999999999962e+00 2.859800000000000120e-01 3.214000000000000190e-02
2.861709999999999976e+00 3.214400000000000035e-01 3.160000000000000309e-02
2.862389999999999990e+00 2.763399999999999745e-01 3.169000000000000289e-02
2.863070000000000004e+00 2.697999999999999843e-01 3.121000000000000163e-02
2.863750000000000018e+00 2.774699999999999944e-01 3.167999999999999983e-02
2.864419999999999966e+00 2.381600000000000106e-01 3.289999999999999869e-02
2.865099999999999980e+00 2.515299999999999758e-01 3.128999999999999837e-02
2.865779999999999994e+00 2.780199999999999894e-01 3.232000000000000151e-02
2.866460000000000008e+00 2.863100000000000089e-01 3.115000000000000061e-02
2.867140000000000022e+00 2.756799999999999806e-01 3.141000000000000042e-02
2.867820000000000036e+00 3.022599999999999731e-01 3.121000000000000163e-02
2.868500000000000050e+00 3.146599999999999953e-01 3.291999999999999788e-02
2.869180000000000064e+00 3.156399999999999761e-01 3.151999999999999941e-02
2.869860000000000078e+00 2.894999999999999796e-01 3.357999999999999874e-02
2.870540000000000092e+00 2.944100000000000050e-01 3.193000000000000005e-02
2.871220000000000105e+00 2.981199999999999961e-01 3.105000000000000121e-02
2.871890000000000054e+00 2.736600000000000144e-01 3.109999999999999917e-02
2.872570000000000068e+00 2.759199999999999986e-01 3.239999999999999825e-02
2.873250000000000082e+00 3.435599999999999765e-01 3.309000000000000136e-02
2.873930000000000096e+00 2.824800000000000089e-01 3.329000000000000015e-02
2.874610000000000110e+00 2.662599999999999967e-01 3.130000000000000143e-02
2.875290000000000123e+00 3.251700000000000146e-01 3.209000000000000047e-02
2.875970000000000137e+00 2.585600000000000120e-01 2.961000000000000090e-02
2.876650000000000151e+00 2.788999999999999813e-01 3.102999999999999856e-02
2.877330000000000165e+00 3.035200000000000120e-01 3.146000000000000185e-02
2.878010000000000179e+00 2.554299999999999904e-01 3.425000000000000266e-02
2.878690000000000193e+00 3.075999999999999845e-01 3.098000000000000059e-02
2.879370000000000207e+00 2.811299999999999910e-01 3.110999999999999877e-02
2.880720000000000169e+00 2.640100000000000224e-01 3.060999999999999832e-02
2.881400000000000183e+00 3.298499999999999766e-01 3.058999999999999914e-02
2.882080000000000197e+00 2.872299999999999853e-01 3.082000000000000017e-02
2.882760000000000211e+00 3.018600000000000172e-01 3.162999999999999839e-02
2.883439999999999781e+00 3.000999999999999779e-01 3.133999999999999980e-02
2.884119999999999795e+00 2.937699999999999756e-01 3.099999999999999978e-02
2.884799999999999809e+00 2.975999999999999757e-01 3.189000000000000168e-02
2.885479999999999823e+00 2.193499999999999894e-01 3.232999999999999763e-02
2.886159999999999837e+00 2.787299999999999778e-01 3.370000000000000079e-02
2.886839999999999851e+00 2.658699999999999952e-01 3.148999999999999716e-02
2.887519999999999865e+00 3.200100000000000167e-01 3.130000000000000143e-02
2.888189999999999813e+00 2.593500000000000250e-01 3.155999999999999778e-02
2.888869999999999827e+00 2.590600000000000125e-01 3.196999999999999842e-02
2.889549999999999841e+00 2.563900000000000068e-01 3.334000000000000158e-02
2.890229999999999855e+00 3.358999999999999764e-01 3.255000000000000254e-02
2.890909999999999869e+00 1.835900000000000032e-01 3.150000000000000022e-02
2.891589999999999883e+00 2.938799999999999746e-01 3.098000000000000059e-02
2.892269999999999897e+00 2.973600000000000132e-01 3.065999999999999975e-02
2.892949999999999910e+00 2.518799999999999928e-01 3.205999999999999822e-02
2.893629999999999924e+00 2.838499999999999912e-01 3.259999999999999704e-02
2.894989999999999952e+00 2.755299999999999971e-01 3.079000000000000140e-02
2.895659999999999901e+00 3.349400000000000155e-01 3.072000000000000078e-02
2.896349999999999980e+00 3.377800000000000247e-01 3.189000000000000168e-02
2.897019999999999929e+00 2.789300000000000113e-01 3.209999999999999659e-02
2.897699999999999942e+00 3.006900000000000128e-01 3.171000000000000207e-02
2.898379999999999956e+00 2.919200000000000128e-01 3.135000000000000286e-02
2.899059999999999970e+00 2.679000000000000270e-01 3.040999999999999953e-02
2.899739999999999984e+00 3.112800000000000011e-01 3.219000000000000333e-02
2.900419999999999998e+00 2.643300000000000094e-01 3.088000000000000120e-02
2.901100000000000012e+00 2.668699999999999961e-01 3.146000000000000185e-02
2.901780000000000026e+00 2.432999999999999885e-01 3.110999999999999877e-02
2.902449999999999974e+00 2.919900000000000273e-01 3.082000000000000017e-02
2.903129999999999988e+00 2.612599999999999922e-01 3.082999999999999977e-02
2.904490000000000016e+00 3.149199999999999777e-01 3.014000000000000012e-02
2.905170000000000030e+00 2.895499999999999741e-01 3.160999999999999921e-02
2.905850000000000044e+00 2.432600000000000040e-01 3.097000000000000100e-02
2.906530000000000058e+00 3.252999999999999781e-01 3.065999999999999975e-02
2.907210000000000072e+00 2.901000000000000245e-01 3.135000000000000286e-02
2.907890000000000086e+00 2.960200000000000053e-01 3.266000000000000153e-02
2.908560000000000034e+00 3.216899999999999760e-01 3.298999999999999849e-02
2.909240000000000048e+00 2.812200000000000255e-01 3.137999999999999817e-02
2.909920000000000062e+00 2.474200000000000010e-01 3.169000000000000289e-02
2.910600000000000076e+00 2.758399999999999741e-01 3.157000000000000084e-02
2.911280000000000090e+00 3.282200000000000117e-01 2.962000000000000050e-02
2.911960000000000104e+00 2.433200000000000085e-01 3.011000000000000135e-02
2.912640000000000118e+00 2.492499999999999993e-01 2.863999999999999879e-02
2.914000000000000146e+00 3.128900000000000015e-01 2.997000000000000011e-02
2.914670000000000094e+00 2.775699999999999834e-01 2.947999999999999926e-02
2.915350000000000108e+00 2.979899999999999771e-01 3.110999999999999877e-02
2.916030000000000122e+00 2.968199999999999728e-01 2.994000000000000133e-02
2.916710000000000136e+00 3.105600000000000027e-01 3.022000000000000033e-02
2.917390000000000150e+00 2.887799999999999812e-01 2.942000000000000171e-02
2.918070000000000164e+00 2.941400000000000126e-01 3.015999999999999931e-02
2.918750000000000178e+00 2.640100000000000224e-01 2.914999999999999883e-02
2.919430000000000192e+00 2.265199999999999991e-01 2.940999999999999864e-02
2.920110000000000205e+00 2.708400000000000252e-01 2.926000000000000129e-02
2.920790000000000219e+00 2.521900000000000253e-01 2.935000000000000109e-02
2.921469999999999789e+00 2.743999999999999773e-01 2.989999999999999949e-02
2.922140000000000182e+00 2.958999999999999964e-01 3.082000000000000017e-02
2.922820000000000196e+00 3.154199999999999782e-01 3.043999999999999831e-02
2.923500000000000210e+00 2.426500000000000046e-01 3.144999999999999879e-02
2.924179999999999779e+00 2.646999999999999909e-01 2.988000000000000031e-02
2.924859999999999793e+00 3.127900000000000125e-01 3.065000000000000016e-02
2.925539999999999807e+00 3.051200000000000023e-01 3.166999999999999676e-02
2.926219999999999821e+00 2.623199999999999976e-01 2.928000000000000047e-02
2.926899999999999835e+00 2.767299999999999760e-01 3.039999999999999994e-02
2.927569999999999784e+00 2.715000000000000191e-01 2.901000000000000106e-02
2.928249999999999797e+00 3.014399999999999857e-01 3.093999999999999875e-02
2.928929999999999811e+00 2.802200000000000246e-01 3.093999999999999875e-02
2.929609999999999825e+00 2.633800000000000030e-01 2.981999999999999929e-02
2.930289999999999839e+00 2.838800000000000212e-01 2.939999999999999905e-02
2.930969999999999853e+00 3.191399999999999793e-01 2.849000000000000143e-02
2.931649999999999867e+00 3.014200000000000212e-01 2.902000000000000066e-02
2.932329999999999881e+00 2.822000000000000064e-01 2.912999999999999964e-02
2.933009999999999895e+00 2.917199999999999793e-01 2.886000000000000024e-02
2.933679999999999843e+00 2.769099999999999895e-01 2.912000000000000005e-02
2.934359999999999857e+00 2.476500000000000090e-01 2.793999999999999956e-02
2.935039999999999871e+00 2.673599999999999866e-01 2.979000000000000051e-02
2.935719999999999885e+00 3.325099999999999723e-01 2.901000000000000106e-02
2.936399999999999899e+00 2.715600000000000236e-01 2.837999999999999898e-02
2.937079999999999913e+00 2.944800000000000195e-01 2.920000000000000026e-02
2.937759999999999927e+00 3.237499999999999822e-01 3.150000000000000022e-02
2.938439999999999941e+00 2.559100000000000263e-01 2.911000000000000046e-02
2.939119999999999955e+00 2.810400000000000120e-01 2.868000000000000063e-02
2.939799999999999969e+00 3.069799999999999751e-01 2.880999999999999880e-02
2.940469999999999917e+00 2.929399999999999782e-01 2.909000000000000127e-02
2.941149999999999931e+00 3.680100000000000038e-01 2.991999999999999868e-02
2.941829999999999945e+00 2.603300000000000058e-01 2.823000000000000162e-02
2.942509999999999959e+00 3.098099999999999743e-01 2.775000000000000036e-02
2.943189999999999973e+00 2.830400000000000138e-01 2.791000000000000078e-02
2.943869999999999987e+00 2.995900000000000230e-01 2.886000000000000024e-02
2.944550000000000001e+00 2.587499999999999800e-01 3.070000000000000159e-02
2.945219999999999949e+00 2.602700000000000014e-01 3.039999999999999994e-02
2.945899999999999963e+00 3.060800000000000187e-01 2.716999999999999971e-02
2.946579999999999977e+00 2.723800000000000110e-01 2.891000000000000167e-02
2.947259999999999991e+00 2.878499999999999948e-01 2.945000000000000048e-02
2.947940000000000005e+00 3.039000000000000035e-01 2.917000000000000148e-02
2.948620000000000019e+00 3.321000000000000063e-01 2.997000000000000011e-02
2.949300000000000033e+00 2.629000000000000226e-01 2.826999999999999999e-02
2.949969999999999981e+00 2.742299999999999738e-01 2.819999999999999937e-02
2.950649999999999995e+00 2.838899999999999757e-01 2.668999999999999845e-02
2.951330000000000009e+00 3.175399999999999889e-01 2.770999999999999852e-02
2.952010000000000023e+00 3.018799999999999817e-01 2.880999999999999880e-02
2.952690000000000037e+00 2.555100000000000149e-01 2.811999999999999916e-02
2.953370000000000051e+00 3.109199999999999742e-01 2.845999999999999919e-02
2.954050000000000065e+00 2.613199999999999967e-01 2.794999999999999915e-02
2.954720000000000013e+00 3.292399999999999771e-01 2.808000000000000079e-02
2.955400000000000027e+00 3.007900000000000018e-01 2.877000000000000043e-02
2.956080000000000041e+00 3.384699999999999931e-01 2.835000000000000020e-02
2.956760000000000055e+00 3.236700000000000133e-01 2.847999999999999837e-02
2.957440000000000069e+00 2.856400000000000050e-01 2.688000000000000111e-02
2.958120000000000083e+00 3.599999999999999867e-01 2.724000000000000032e-02
2.958800000000000097e+00 3.224600000000000244e-01 2.820999999999999897e-02
2.959480000000000111e+00 3.032900000000000040e-01 2.876000000000000084e-02
2.960160000000000124e+00 3.069000000000000061e-01 2.871999999999999900e-02
2.960830000000000073e+00 2.580500000000000016e-01 2.877000000000000043e-02
2.961510000000000087e+00 2.565899999999999848e-01 2.789000000000000160e-02
2.962190000000000101e+00 3.009700000000000153e-01 2.832000000000000142e-02
2.962870000000000115e+00 3.027400000000000091e-01 2.801000000000000018e-02
2.963550000000000129e+00 2.843700000000000117e-01 2.891000000000000167e-02
2.964230000000000143e+00 3.201999999999999846e-01 2.827999999999999958e-02
2.964910000000000156e+00 2.896199999999999886e-01 2.877000000000000043e-02
2.966270000000000184e+00 2.610000000000000098e-01 3.064000000000000057e-02
2.966940000000000133e+00 3.442700000000000204e-01 2.414000000000000173e-02
2.967620000000000147e+00 3.303900000000000170e-01 2.897999999999999882e-02
2.968300000000000161e+00 3.013500000000000068e-01 3.013000000000000053e-02
2.968980000000000175e+00 2.339499999999999913e-01 3.013000000000000053e-02
2.969660000000000188e+00 2.549799999999999844e-01 2.943000000000000130e-02
2.970340000000000202e+00 3.403300000000000214e-01 2.815000000000000141e-02
2.971010000000000151e+00 3.514599999999999946e-01 2.767999999999999974e-02
2.971690000000000165e+00 3.014700000000000157e-01 2.857000000000000164e-02
2.972370000000000179e+00 3.049600000000000088e-01 2.781000000000000139e-02
2.973050000000000193e+00 2.775299999999999989e-01 2.742999999999999952e-02
2.973730000000000206e+00 2.616399999999999837e-01 2.666999999999999926e-02
2.974410000000000220e+00 2.790799999999999947e-01 2.711999999999999827e-02
2.975089999999999790e+00 2.843999999999999861e-01 2.807000000000000120e-02
2.975760000000000183e+00 2.802100000000000146e-01 2.726999999999999910e-02
2.976440000000000197e+00 2.852500000000000036e-01 2.706000000000000072e-02
2.977120000000000211e+00 2.588400000000000145e-01 2.760999999999999913e-02
2.977799999999999780e+00 2.842299999999999827e-01 2.751999999999999932e-02
2.978479999999999794e+00 2.492600000000000093e-01 2.691999999999999948e-02
2.979159999999999808e+00 2.455199999999999882e-01 2.779999999999999832e-02
2.979839999999999822e+00 3.235199999999999743e-01 2.817000000000000060e-02
2.980519999999999836e+00 3.352600000000000025e-01 2.740000000000000074e-02
2.981189999999999785e+00 3.257700000000000040e-01 2.864999999999999838e-02
2.983229999999999826e+00 2.965599999999999903e-01 2.854999999999999899e-02
2.983900000000000219e+00 2.860199999999999965e-01 2.840000000000000163e-02
2.984589999999999854e+00 2.709799999999999986e-01 2.939999999999999905e-02
2.985259999999999803e+00 3.129899999999999904e-01 2.704000000000000153e-02
2.985939999999999817e+00 2.944899999999999740e-01 2.964999999999999927e-02
2.986619999999999830e+00 3.161700000000000066e-01 2.801000000000000018e-02
2.987299999999999844e+00 2.902399999999999980e-01 3.008999999999999869e-02
2.987979999999999858e+00 3.454400000000000248e-01 2.934000000000000150e-02
2.988659999999999872e+00 3.069999999999999951e-01 2.974999999999999867e-02
2.989329999999999821e+00 3.018600000000000172e-01 2.912000000000000005e-02
2.990009999999999835e+00 3.043600000000000194e-01 2.769999999999999893e-02
2.990689999999999849e+00 2.852000000000000091e-01 2.794999999999999915e-02
2.991369999999999862e+00 3.148599999999999732e-01 2.745999999999999830e-02
2.992049999999999876e+00 3.545599999999999863e-01 2.758000000000000035e-02
2.992729999999999890e+00 3.235399999999999943e-01 2.679000000000000131e-02
2.993409999999999904e+00 3.053100000000000258e-01 2.679000000000000131e-02
2.994079999999999853e+00 2.582200000000000051e-01 2.693999999999999867e-02
2.994759999999999867e+00 2.890800000000000036e-01 2.707999999999999990e-02
2.995439999999999880e+00 2.844400000000000261e-01 2.701999999999999888e-02
2.996119999999999894e+00 3.481099999999999750e-01 2.774000000000000077e-02
2.996799999999999908e+00 3.498100000000000098e-01 2.758000000000000035e-02
2.997479999999999922e+00 2.860500000000000265e-01 2.644000000000000170e-02
2.998159999999999936e+00 3.104600000000000137e-01 2.710999999999999868e-02
2.998829999999999885e+00 2.497300000000000075e-01 2.738000000000000156e-02
2.999509999999999899e+00 2.410700000000000065e-01 2.966999999999999846e-02
3.000189999999999912e+00 2.663699999999999957e-01 2.854999999999999899e-02
3.000869999999999926e+00 2.846000000000000196e-01 2.774000000000000077e-02
3.001549999999999940e+00 2.812500000000000000e-01 2.640999999999999945e-02
3.002229999999999954e+00 3.071499999999999786e-01 2.854999999999999899e-02
3.002899999999999903e+00 2.963399999999999923e-01 2.769999999999999893e-02
3.003579999999999917e+00 2.935099999999999931e-01 2.756000000000000116e-02
3.004259999999999931e+00 3.291999999999999926e-01 2.666999999999999926e-02
3.004939999999999944e+00 2.874399999999999733e-01 2.666999999999999926e-02
3.005619999999999958e+00 2.897899999999999920e-01 2.681000000000000050e-02
3.006289999999999907e+00 2.985599999999999921e-01 2.680000000000000090e-02
3.006969999999999921e+00 3.240199999999999747e-01 2.761999999999999872e-02
3.007649999999999935e+00 2.516300000000000203e-01 2.809000000000000039e-02
3.008329999999999949e+00 3.502000000000000113e-01 2.862999999999999920e-02
3.009009999999999962e+00 3.071999999999999731e-01 2.782000000000000098e-02
3.009689999999999976e+00 3.259799999999999920e-01 2.857000000000000164e-02
3.010369999999999990e+00 2.980099999999999971e-01 2.931999999999999884e-02
3.011039999999999939e+00 3.224699999999999789e-01 2.733999999999999972e-02
3.011719999999999953e+00 3.304300000000000015e-01 2.779999999999999832e-02
3.012399999999999967e+00 2.966900000000000093e-01 2.803999999999999895e-02
3.013079999999999981e+00 3.241399999999999837e-01 2.590999999999999900e-02
3.013759999999999994e+00 2.878100000000000103e-01 2.668999999999999845e-02
3.014429999999999943e+00 2.676000000000000045e-01 2.446999999999999870e-02
3.015109999999999957e+00 3.193799999999999972e-01 2.648000000000000007e-02
3.015789999999999971e+00 3.087799999999999989e-01 2.724000000000000032e-02
3.016469999999999985e+00 2.573199999999999932e-01 2.779999999999999832e-02
3.017830000000000013e+00 2.943000000000000060e-01 2.862999999999999920e-02
3.018510000000000026e+00 2.663599999999999857e-01 2.818000000000000019e-02
3.019179999999999975e+00 2.831400000000000028e-01 2.518000000000000099e-02
3.019859999999999989e+00 2.908000000000000029e-01 2.225999999999999854e-02
3.020540000000000003e+00 2.145400000000000085e-01 2.892000000000000126e-02
3.021220000000000017e+00 2.547400000000000220e-01 2.603000000000000105e-02
3.021900000000000031e+00 2.482300000000000062e-01 2.713000000000000134e-02
3.022580000000000044e+00 2.584899999999999975e-01 2.799000000000000099e-02
3.023249999999999993e+00 2.829200000000000048e-01 2.699000000000000010e-02
3.023930000000000007e+00 2.813200000000000145e-01 2.854999999999999899e-02
3.024610000000000021e+00 2.838700000000000112e-01 2.740000000000000074e-02
3.025290000000000035e+00 2.999800000000000244e-01 2.646000000000000088e-02
3.025970000000000049e+00 2.597200000000000064e-01 2.757000000000000076e-02
3.026650000000000063e+00 3.100600000000000023e-01 2.741999999999999993e-02
3.027330000000000076e+00 2.620000000000000107e-01 2.582999999999999879e-02
3.028680000000000039e+00 2.931599999999999762e-01 2.708999999999999950e-02
3.029360000000000053e+00 3.042699999999999849e-01 2.764000000000000137e-02
3.030040000000000067e+00 3.288900000000000157e-01 2.753999999999999851e-02
3.030720000000000081e+00 3.014100000000000112e-01 2.937999999999999987e-02
3.031390000000000029e+00 3.227300000000000169e-01 2.808000000000000079e-02
3.032070000000000043e+00 2.820300000000000029e-01 2.730000000000000135e-02
3.032750000000000057e+00 2.959899999999999753e-01 2.698000000000000051e-02
3.033430000000000071e+00 2.365800000000000125e-01 2.665000000000000008e-02
3.034780000000000033e+00 2.795000000000000262e-01 2.742999999999999952e-02
3.035460000000000047e+00 2.677599999999999980e-01 2.623999999999999944e-02
3.036140000000000061e+00 2.571100000000000052e-01 2.632999999999999924e-02
3.036820000000000075e+00 3.163500000000000201e-01 2.748000000000000095e-02
3.037500000000000089e+00 3.436400000000000010e-01 2.679000000000000131e-02
3.038180000000000103e+00 3.007299999999999973e-01 2.629000000000000087e-02
3.038850000000000051e+00 2.196099999999999997e-01 2.560000000000000123e-02
3.039530000000000065e+00 3.146999999999999797e-01 2.657999999999999946e-02
3.040210000000000079e+00 2.815199999999999925e-01 2.631999999999999965e-02
3.040890000000000093e+00 2.907600000000000184e-01 2.758000000000000035e-02
3.041560000000000041e+00 2.840799999999999992e-01 2.724000000000000032e-02
3.042240000000000055e+00 3.231499999999999928e-01 2.768999999999999934e-02
3.042920000000000069e+00 2.812899999999999845e-01 2.792000000000000037e-02
3.043600000000000083e+00 2.902399999999999980e-01 2.775999999999999995e-02
3.044280000000000097e+00 3.127499999999999725e-01 2.829999999999999877e-02
3.044960000000000111e+00 3.034200000000000230e-01 2.817000000000000060e-02
3.045640000000000125e+00 3.527500000000000080e-01 2.741000000000000034e-02
3.046310000000000073e+00 2.442799999999999971e-01 2.774000000000000077e-02
3.046990000000000087e+00 3.183900000000000063e-01 2.790000000000000119e-02
3.047670000000000101e+00 2.457199999999999940e-01 2.844000000000000000e-02
3.048350000000000115e+00 3.325799999999999867e-01 2.830999999999999836e-02
3.049030000000000129e+00 3.016499999999999737e-01 2.818999999999999978e-02
3.049700000000000077e+00 2.651200000000000223e-01 2.810999999999999957e-02
3.050380000000000091e+00 2.798900000000000277e-01 2.820999999999999897e-02
3.051060000000000105e+00 3.065999999999999837e-01 2.716000000000000011e-02
3.051740000000000119e+00 3.178199999999999914e-01 2.658999999999999905e-02
3.052420000000000133e+00 2.724500000000000255e-01 2.585000000000000145e-02
3.053100000000000147e+00 3.163900000000000046e-01 2.709999999999999909e-02
3.053770000000000095e+00 3.234699999999999798e-01 2.716999999999999971e-02
3.054450000000000109e+00 2.343800000000000050e-01 2.727999999999999869e-02
3.055130000000000123e+00 3.367999999999999883e-01 2.676999999999999866e-02
3.055810000000000137e+00 3.167599999999999860e-01 2.572999999999999940e-02
3.056480000000000086e+00 2.488299999999999956e-01 2.714000000000000093e-02
3.057160000000000100e+00 2.941199999999999926e-01 2.736999999999999850e-02
3.057840000000000114e+00 3.121599999999999930e-01 2.861000000000000001e-02
3.058520000000000127e+00 2.590399999999999925e-01 2.666999999999999926e-02
3.059200000000000141e+00 3.549599999999999977e-01 2.758000000000000035e-02
3.059880000000000155e+00 3.121700000000000030e-01 2.798000000000000140e-02
3.060550000000000104e+00 2.939800000000000191e-01 2.835999999999999979e-02
3.061230000000000118e+00 2.776500000000000079e-01 2.733999999999999972e-02
3.061910000000000132e+00 2.590399999999999925e-01 2.680000000000000090e-02
3.062590000000000146e+00 3.049100000000000144e-01 2.621000000000000066e-02
3.063260000000000094e+00 3.165100000000000136e-01 2.705000000000000113e-02
3.063940000000000108e+00 3.232400000000000273e-01 2.732000000000000053e-02
3.064620000000000122e+00 2.981400000000000161e-01 2.687000000000000152e-02
3.065300000000000136e+00 3.180299999999999794e-01 2.785999999999999935e-02
3.065980000000000150e+00 2.891199999999999881e-01 2.717999999999999930e-02
3.066660000000000164e+00 2.908399999999999874e-01 2.745999999999999830e-02
3.067340000000000177e+00 2.972500000000000142e-01 2.663000000000000089e-02
3.068010000000000126e+00 3.226399999999999824e-01 2.401999999999999968e-02
3.068690000000000140e+00 2.691200000000000259e-01 2.807000000000000120e-02
3.069370000000000154e+00 2.625399999999999956e-01 2.750000000000000014e-02
3.070720000000000116e+00 2.508299999999999974e-01 2.974999999999999867e-02
3.071400000000000130e+00 2.659799999999999942e-01 2.706000000000000072e-02
3.072080000000000144e+00 2.744199999999999973e-01 2.783000000000000057e-02
3.072760000000000158e+00 2.889499999999999846e-01 2.716999999999999971e-02
3.073430000000000106e+00 2.736700000000000244e-01 2.659999999999999865e-02
3.074110000000000120e+00 2.903200000000000225e-01 2.697000000000000092e-02
3.074790000000000134e+00 3.230500000000000038e-01 2.818000000000000019e-02
3.075470000000000148e+00 2.824300000000000144e-01 2.868000000000000063e-02
3.076150000000000162e+00 3.160800000000000276e-01 2.687000000000000152e-02
3.076830000000000176e+00 2.792700000000000182e-01 2.781000000000000139e-02
3.077500000000000124e+00 3.221700000000000119e-01 2.757000000000000076e-02
3.078180000000000138e+00 2.736600000000000144e-01 2.640999999999999945e-02
3.078860000000000152e+00 2.757200000000000206e-01 2.647000000000000047e-02
3.079540000000000166e+00 2.933600000000000096e-01 2.591999999999999860e-02
3.080220000000000180e+00 2.757399999999999851e-01 2.580000000000000002e-02
3.080890000000000128e+00 2.913399999999999879e-01 2.682000000000000009e-02
3.081570000000000142e+00 2.788900000000000268e-01 2.603000000000000105e-02
3.082930000000000170e+00 2.094300000000000050e-01 2.610000000000000167e-02
3.083600000000000119e+00 2.092499999999999916e-01 2.748000000000000095e-02
3.084280000000000133e+00 3.324599999999999778e-01 2.794999999999999915e-02
3.084960000000000147e+00 2.343800000000000050e-01 2.574999999999999858e-02
3.085640000000000160e+00 2.743999999999999773e-01 2.760999999999999913e-02
3.086320000000000174e+00 2.606499999999999928e-01 2.808000000000000079e-02
3.086990000000000123e+00 3.392700000000000160e-01 2.775000000000000036e-02
3.087670000000000137e+00 2.998299999999999854e-01 2.898999999999999841e-02
3.088350000000000151e+00 2.123500000000000110e-01 2.732000000000000053e-02
3.089030000000000165e+00 3.326600000000000112e-01 2.836999999999999938e-02
3.089710000000000178e+00 2.911699999999999844e-01 2.775999999999999995e-02
3.090390000000000192e+00 2.797499999999999987e-01 2.706000000000000072e-02
3.091060000000000141e+00 3.272800000000000153e-01 2.756000000000000116e-02
3.091740000000000155e+00 2.619400000000000062e-01 2.762999999999999831e-02
3.092420000000000169e+00 2.818599999999999994e-01 2.625999999999999862e-02
3.093090000000000117e+00 3.019899999999999807e-01 2.751999999999999932e-02
3.093770000000000131e+00 3.232300000000000173e-01 2.696000000000000132e-02
3.094450000000000145e+00 3.246800000000000241e-01 2.655000000000000068e-02
3.095130000000000159e+00 2.795799999999999952e-01 2.789000000000000160e-02
3.095810000000000173e+00 3.012500000000000178e-01 2.765000000000000097e-02
3.096480000000000121e+00 2.848200000000000176e-01 2.722000000000000114e-02
3.097160000000000135e+00 2.632900000000000240e-01 2.656000000000000028e-02
3.097840000000000149e+00 2.867700000000000249e-01 2.742999999999999952e-02
3.098520000000000163e+00 2.944300000000000250e-01 2.657999999999999946e-02
3.099190000000000111e+00 2.948000000000000065e-01 2.539999999999999897e-02
3.099870000000000125e+00 2.692599999999999993e-01 2.580000000000000002e-02
3.100550000000000139e+00 2.858499999999999930e-01 2.648000000000000007e-02
3.101230000000000153e+00 2.596800000000000219e-01 2.493000000000000077e-02
3.101910000000000167e+00 3.029499999999999971e-01 2.629000000000000087e-02
3.102580000000000116e+00 3.052599999999999758e-01 2.743999999999999911e-02
3.103260000000000129e+00 2.927400000000000002e-01 2.673000000000000029e-02
3.103940000000000143e+00 2.792399999999999882e-01 2.511000000000000038e-02
3.104620000000000157e+00 3.260399999999999965e-01 2.531999999999999876e-02
3.105290000000000106e+00 2.481299999999999895e-01 2.628000000000000128e-02
3.105970000000000120e+00 2.531599999999999961e-01 2.495999999999999955e-02
3.106650000000000134e+00 3.313999999999999724e-01 2.695000000000000173e-02
3.107330000000000148e+00 3.383599999999999941e-01 2.639999999999999986e-02
3.108010000000000161e+00 3.067199999999999926e-01 2.740000000000000074e-02
3.108680000000000110e+00 2.760000000000000231e-01 2.800000000000000058e-02
3.109360000000000124e+00 2.964399999999999813e-01 2.656999999999999987e-02
3.110040000000000138e+00 3.280899999999999928e-01 2.710999999999999868e-02
3.110720000000000152e+00 2.933799999999999741e-01 2.723000000000000073e-02
3.111390000000000100e+00 3.168000000000000260e-01 2.632999999999999924e-02
3.112070000000000114e+00 2.810000000000000275e-01 2.310999999999999860e-02
3.112750000000000128e+00 3.208500000000000241e-01 2.745999999999999830e-02
3.113430000000000142e+00 2.875099999999999878e-01 2.741000000000000034e-02
3.114110000000000156e+00 3.118400000000000061e-01 2.709999999999999909e-02
3.114780000000000104e+00 2.971099999999999852e-01 2.740000000000000074e-02
3.115460000000000118e+00 3.126800000000000135e-01 2.735999999999999890e-02
3.116140000000000132e+00 3.163699999999999846e-01 2.593000000000000166e-02
3.116820000000000146e+00 3.005900000000000238e-01 2.752999999999999892e-02
3.119530000000000136e+00 3.497899999999999898e-01 2.801000000000000018e-02
3.120210000000000150e+00 2.879700000000000037e-01 2.532999999999999835e-02
3.120880000000000098e+00 3.134500000000000064e-01 2.665000000000000008e-02
3.121560000000000112e+00 3.143400000000000083e-01 2.689000000000000071e-02
3.122240000000000126e+00 3.158799999999999941e-01 2.693999999999999867e-02
3.122920000000000140e+00 2.440299999999999969e-01 2.667999999999999886e-02
3.123590000000000089e+00 3.175200000000000244e-01 2.641999999999999904e-02
3.124270000000000103e+00 2.650399999999999978e-01 2.629000000000000087e-02
3.124950000000000117e+00 2.619400000000000062e-01 2.656999999999999987e-02
3.125620000000000065e+00 2.950900000000000190e-01 2.704000000000000153e-02
3.126300000000000079e+00 2.786199999999999788e-01 2.636000000000000149e-02
3.126980000000000093e+00 2.520499999999999963e-01 2.548999999999999877e-02
3.127660000000000107e+00 2.730000000000000204e-01 2.765000000000000097e-02
3.128330000000000055e+00 2.780400000000000094e-01 2.679000000000000131e-02
3.129010000000000069e+00 3.196899999999999742e-01 2.749000000000000055e-02
3.129690000000000083e+00 2.731700000000000239e-01 2.693999999999999867e-02
3.130370000000000097e+00 3.608600000000000141e-01 2.893000000000000085e-02
3.131050000000000111e+00 3.123199999999999865e-01 2.834000000000000061e-02
3.132400000000000073e+00 2.579899999999999971e-01 2.757000000000000076e-02
3.133080000000000087e+00 2.988000000000000100e-01 2.810999999999999957e-02
3.133760000000000101e+00 2.998799999999999799e-01 2.648000000000000007e-02
3.134430000000000049e+00 2.831400000000000028e-01 2.784000000000000016e-02
3.135110000000000063e+00 2.132900000000000074e-01 2.868000000000000063e-02
3.135790000000000077e+00 2.694500000000000228e-01 2.678000000000000172e-02
3.136470000000000091e+00 2.491599999999999926e-01 2.588000000000000023e-02
3.137140000000000040e+00 2.650199999999999778e-01 2.674999999999999947e-02
3.137820000000000054e+00 2.751199999999999757e-01 2.599999999999999881e-02
3.138500000000000068e+00 2.781199999999999783e-01 2.672000000000000069e-02
3.139180000000000081e+00 2.726000000000000090e-01 2.631999999999999965e-02
3.139860000000000095e+00 2.522499999999999742e-01 2.566999999999999837e-02
3.140530000000000044e+00 3.124199999999999755e-01 2.611000000000000126e-02
3.141210000000000058e+00 2.939999999999999836e-01 2.697000000000000092e-02
3.141890000000000072e+00 2.778900000000000259e-01 2.785999999999999935e-02
3.142560000000000020e+00 2.860300000000000065e-01 2.622999999999999984e-02
3.143240000000000034e+00 3.177200000000000024e-01 2.639999999999999986e-02
3.143920000000000048e+00 2.811400000000000010e-01 2.691999999999999948e-02
3.144600000000000062e+00 2.932299999999999907e-01 2.608999999999999861e-02
3.145270000000000010e+00 3.138000000000000234e-01 2.639000000000000026e-02
3.145950000000000024e+00 2.680600000000000205e-01 2.645000000000000129e-02
3.146630000000000038e+00 3.089899999999999869e-01 2.586000000000000104e-02
3.147299999999999986e+00 2.379900000000000071e-01 2.739000000000000115e-02
3.147980000000000000e+00 2.921199999999999908e-01 2.673000000000000029e-02
3.148660000000000014e+00 3.180700000000000194e-01 2.794999999999999915e-02
3.149340000000000028e+00 2.937299999999999911e-01 2.699000000000000010e-02
3.150020000000000042e+00 2.838300000000000267e-01 2.631000000000000005e-02
3.150689999999999991e+00 3.169399999999999995e-01 2.607999999999999902e-02
3.151370000000000005e+00 3.441299999999999915e-01 2.650999999999999884e-02
3.152050000000000018e+00 3.326399999999999912e-01 2.706000000000000072e-02
3.152730000000000032e+00 3.042799999999999949e-01 2.716999999999999971e-02
3.153410000000000046e+00 2.984200000000000186e-01 2.705000000000000113e-02
3.154079999999999995e+00 2.821199999999999819e-01 2.755000000000000157e-02
3.154760000000000009e+00 2.824900000000000189e-01 2.622999999999999984e-02
3.155440000000000023e+00 2.730500000000000149e-01 2.675999999999999907e-02
3.156109999999999971e+00 2.775599999999999734e-01 2.639000000000000026e-02
3.156789999999999985e+00 3.341799999999999771e-01 2.860000000000000042e-02
3.157469999999999999e+00 3.209400000000000031e-01 2.665000000000000008e-02
3.158150000000000013e+00 3.194899999999999962e-01 2.801000000000000018e-02
3.159499999999999975e+00 2.967600000000000238e-01 2.700999999999999929e-02
3.160179999999999989e+00 2.457600000000000062e-01 2.597000000000000003e-02
3.160860000000000003e+00 3.114100000000000201e-01 2.634999999999999842e-02
3.161529999999999951e+00 3.415300000000000002e-01 2.777999999999999914e-02
3.162209999999999965e+00 3.023000000000000131e-01 2.880999999999999880e-02
3.162889999999999979e+00 3.111900000000000222e-01 2.711999999999999827e-02
3.163569999999999993e+00 3.708899999999999975e-01 2.740000000000000074e-02
3.164239999999999942e+00 3.373099999999999987e-01 2.621000000000000066e-02
3.164919999999999956e+00 2.616800000000000237e-01 2.693999999999999867e-02
3.165599999999999969e+00 2.535700000000000176e-01 2.700999999999999929e-02
3.166269999999999918e+00 2.817500000000000004e-01 2.570000000000000062e-02
3.166949999999999932e+00 3.535400000000000209e-01 2.719999999999999848e-02
3.167629999999999946e+00 3.037599999999999745e-01 2.775000000000000036e-02
3.168299999999999894e+00 2.820500000000000229e-01 2.414000000000000173e-02
3.168979999999999908e+00 2.768599999999999950e-01 2.646000000000000088e-02
3.169659999999999922e+00 3.070899999999999741e-01 2.647000000000000047e-02
3.170339999999999936e+00 2.994999999999999885e-01 2.700999999999999929e-02
3.171019999999999950e+00 2.852299999999999836e-01 2.674999999999999947e-02
3.171689999999999898e+00 2.943000000000000060e-01 2.678000000000000172e-02
3.172369999999999912e+00 2.091300000000000103e-01 2.617999999999999841e-02
3.173049999999999926e+00 2.493799999999999906e-01 2.634999999999999842e-02
3.173729999999999940e+00 2.444399999999999906e-01 2.588999999999999982e-02
3.174399999999999888e+00 2.504299999999999859e-01 2.179999999999999993e-02
3.175079999999999902e+00 3.763199999999999878e-01 2.828999999999999918e-02
3.175759999999999916e+00 3.279400000000000093e-01 2.679000000000000131e-02
3.176429999999999865e+00 3.159899999999999931e-01 2.665999999999999967e-02
3.177109999999999879e+00 2.931099999999999817e-01 2.794999999999999915e-02
3.177789999999999893e+00 2.734400000000000164e-01 2.736999999999999850e-02
3.178459999999999841e+00 2.773900000000000254e-01 2.784000000000000016e-02
3.181169999999999831e+00 3.008000000000000118e-01 2.691999999999999948e-02
3.181849999999999845e+00 2.863800000000000234e-01 2.659999999999999865e-02
3.182529999999999859e+00 2.714400000000000146e-01 2.801999999999999977e-02
3.183209999999999873e+00 2.879200000000000093e-01 2.951000000000000151e-02
3.183879999999999821e+00 2.844999999999999751e-01 2.625999999999999862e-02
3.184559999999999835e+00 3.078899999999999970e-01 2.622000000000000025e-02
3.185239999999999849e+00 3.127400000000000180e-01 2.740000000000000074e-02
3.185909999999999798e+00 3.469800000000000106e-01 2.701999999999999888e-02
3.186589999999999812e+00 3.052000000000000268e-01 2.687000000000000152e-02
3.187269999999999825e+00 2.782600000000000073e-01 2.641999999999999904e-02
3.187949999999999839e+00 3.452600000000000113e-01 2.634999999999999842e-02
3.188619999999999788e+00 2.795500000000000207e-01 2.665999999999999967e-02
3.189299999999999802e+00 3.196200000000000152e-01 2.727999999999999869e-02
3.189979999999999816e+00 2.896500000000000186e-01 2.713000000000000134e-02
3.190659999999999830e+00 3.032900000000000040e-01 2.667999999999999886e-02
3.191329999999999778e+00 3.548499999999999988e-01 2.752999999999999892e-02
3.192009999999999792e+00 3.261200000000000210e-01 2.707999999999999990e-02
3.192689999999999806e+00 3.306799999999999740e-01 2.769999999999999893e-02
3.194040000000000212e+00 2.437699999999999867e-01 2.480999999999999872e-02
3.194719999999999782e+00 3.645800000000000152e-01 2.693999999999999867e-02
3.195399999999999796e+00 3.145399999999999863e-01 2.691999999999999948e-02
3.196070000000000189e+00 3.096099999999999963e-01 2.632999999999999924e-02
3.196750000000000203e+00 3.387200000000000211e-01 2.728999999999999829e-02
3.197430000000000216e+00 2.898600000000000065e-01 2.769999999999999893e-02
3.198100000000000165e+00 3.167099999999999915e-01 2.722000000000000114e-02
3.198780000000000179e+00 2.989600000000000035e-01 2.713000000000000134e-02
3.199460000000000193e+00 2.633800000000000030e-01 2.744999999999999871e-02
3.200130000000000141e+00 3.142400000000000193e-01 2.731000000000000094e-02
3.200810000000000155e+00 3.020700000000000052e-01 2.742999999999999952e-02
3.201490000000000169e+00 2.760299999999999976e-01 2.758000000000000035e-02
3.202840000000000131e+00 3.048000000000000154e-01 2.649999999999999925e-02
3.203520000000000145e+00 2.672999999999999821e-01 2.625999999999999862e-02
3.204200000000000159e+00 2.762600000000000056e-01 2.733999999999999972e-02
3.204880000000000173e+00 2.966500000000000248e-01 2.627000000000000168e-02
3.205550000000000122e+00 3.327100000000000057e-01 2.651999999999999844e-02
3.206230000000000135e+00 3.158900000000000041e-01 2.561000000000000082e-02
3.206910000000000149e+00 2.772299999999999764e-01 2.629000000000000087e-02
3.207580000000000098e+00 3.015200000000000102e-01 2.591999999999999860e-02
3.208260000000000112e+00 3.063799999999999857e-01 2.605999999999999983e-02
3.208930000000000060e+00 2.497600000000000098e-01 2.556999999999999898e-02
3.209610000000000074e+00 3.293900000000000161e-01 2.554000000000000020e-02
3.210290000000000088e+00 2.796199999999999797e-01 2.724000000000000032e-02
3.210970000000000102e+00 3.040499999999999869e-01 2.653000000000000150e-02
3.211640000000000050e+00 2.948999999999999955e-01 2.668999999999999845e-02
3.212320000000000064e+00 3.067400000000000126e-01 2.657999999999999946e-02
3.213000000000000078e+00 2.883100000000000107e-01 2.517000000000000140e-02
3.213680000000000092e+00 2.798100000000000032e-01 2.649999999999999925e-02
3.214350000000000041e+00 3.238800000000000012e-01 2.722000000000000114e-02
3.215030000000000054e+00 2.542499999999999760e-01 2.561000000000000082e-02
3.215710000000000068e+00 3.128000000000000225e-01 2.608999999999999861e-02
3.216380000000000017e+00 3.529200000000000115e-01 2.714000000000000093e-02
3.217060000000000031e+00 2.913499999999999979e-01 2.738000000000000156e-02
3.217740000000000045e+00 2.589799999999999880e-01 2.658999999999999905e-02
3.218420000000000059e+00 2.697599999999999998e-01 2.711999999999999827e-02
3.219090000000000007e+00 2.854099999999999970e-01 2.842000000000000082e-02
3.219770000000000021e+00 3.491400000000000059e-01 2.748000000000000095e-02
3.220450000000000035e+00 2.673800000000000066e-01 2.613000000000000045e-02
3.221119999999999983e+00 2.668499999999999761e-01 2.790000000000000119e-02
3.221799999999999997e+00 3.108199999999999852e-01 2.717999999999999930e-02
3.222469999999999946e+00 3.294199999999999906e-01 2.741000000000000034e-02
3.223149999999999959e+00 3.106900000000000217e-01 2.639000000000000026e-02
3.223829999999999973e+00 3.227900000000000214e-01 2.699999999999999969e-02
3.224509999999999987e+00 2.188799999999999912e-01 2.725999999999999951e-02
3.225179999999999936e+00 3.336000000000000076e-01 2.741999999999999993e-02
3.225859999999999950e+00 3.212300000000000155e-01 2.818000000000000019e-02
3.226539999999999964e+00 2.891400000000000081e-01 2.770999999999999852e-02
3.227209999999999912e+00 2.772999999999999909e-01 2.766000000000000056e-02
3.227889999999999926e+00 2.824900000000000189e-01 2.834000000000000061e-02
3.228569999999999940e+00 3.020499999999999852e-01 2.804999999999999855e-02
3.229239999999999888e+00 3.313300000000000134e-01 2.728999999999999829e-02
3.229919999999999902e+00 3.035100000000000020e-01 2.719999999999999848e-02
3.230599999999999916e+00 3.006300000000000083e-01 2.663000000000000089e-02
3.231279999999999930e+00 2.715400000000000036e-01 2.702999999999999847e-02
3.231949999999999878e+00 3.469300000000000161e-01 2.875000000000000125e-02
3.232629999999999892e+00 3.129399999999999959e-01 2.826000000000000040e-02
3.233309999999999906e+00 3.029100000000000126e-01 2.727999999999999869e-02
3.233979999999999855e+00 2.947500000000000120e-01 2.680000000000000090e-02
3.234659999999999869e+00 3.056800000000000073e-01 2.673000000000000029e-02
3.235339999999999883e+00 2.951799999999999979e-01 2.794999999999999915e-02
3.236009999999999831e+00 3.012099999999999778e-01 2.721000000000000155e-02
3.236689999999999845e+00 3.310000000000000164e-01 2.696000000000000132e-02
3.237369999999999859e+00 3.061599999999999877e-01 2.713000000000000134e-02
3.238039999999999807e+00 2.758999999999999786e-01 2.704000000000000153e-02
3.238719999999999821e+00 3.213500000000000245e-01 2.622000000000000025e-02
3.239390000000000214e+00 3.013199999999999767e-01 2.418000000000000010e-02
3.240749999999999797e+00 2.502199999999999980e-01 2.719999999999999848e-02
3.241429999999999811e+00 3.301600000000000090e-01 2.690000000000000030e-02
3.242100000000000204e+00 2.561399999999999788e-01 2.621000000000000066e-02
3.242780000000000218e+00 2.809900000000000175e-01 2.765000000000000097e-02
3.243459999999999788e+00 2.726000000000000090e-01 2.704000000000000153e-02
3.244139999999999802e+00 3.449499999999999789e-01 2.639000000000000026e-02
3.244810000000000194e+00 2.568099999999999827e-01 2.655000000000000068e-02
3.245490000000000208e+00 2.844400000000000261e-01 2.670000000000000151e-02
3.246170000000000222e+00 3.385000000000000231e-01 2.733000000000000013e-02
3.246840000000000170e+00 2.736700000000000244e-01 2.671000000000000110e-02
3.247520000000000184e+00 3.271499999999999964e-01 2.638000000000000067e-02
3.248200000000000198e+00 3.349500000000000255e-01 2.631999999999999965e-02
3.248870000000000147e+00 2.834599999999999898e-01 2.662000000000000130e-02
3.249550000000000161e+00 3.070200000000000151e-01 2.748000000000000095e-02
3.250220000000000109e+00 3.150700000000000167e-01 2.590999999999999900e-02
3.250900000000000123e+00 3.069000000000000061e-01 2.688000000000000111e-02
3.251580000000000137e+00 3.571099999999999830e-01 2.627000000000000168e-02
3.252260000000000151e+00 3.587099999999999733e-01 2.625999999999999862e-02
3.252930000000000099e+00 3.538200000000000234e-01 2.596000000000000044e-02
3.253610000000000113e+00 3.062099999999999822e-01 2.758000000000000035e-02
3.254290000000000127e+00 3.244199999999999862e-01 2.725999999999999951e-02
3.254960000000000075e+00 2.505600000000000049e-01 2.649999999999999925e-02
3.255640000000000089e+00 3.070300000000000251e-01 2.656999999999999987e-02
3.256320000000000103e+00 3.002400000000000069e-01 2.631999999999999965e-02
3.256990000000000052e+00 3.204000000000000181e-01 2.700999999999999929e-02
3.257670000000000066e+00 3.468999999999999861e-01 2.777999999999999914e-02
3.258350000000000080e+00 2.854800000000000115e-01 2.738000000000000156e-02
3.259020000000000028e+00 2.665000000000000147e-01 2.503999999999999976e-02
3.259700000000000042e+00 2.262599999999999889e-01 2.460999999999999993e-02
3.260380000000000056e+00 2.860199999999999965e-01 2.638000000000000067e-02
3.261050000000000004e+00 2.621499999999999941e-01 2.642999999999999863e-02
3.261730000000000018e+00 3.281399999999999872e-01 2.492000000000000118e-02
3.262410000000000032e+00 3.568299999999999805e-01 2.639999999999999986e-02
3.263079999999999981e+00 3.443999999999999839e-01 2.736999999999999850e-02
3.264440000000000008e+00 3.223799999999999999e-01 2.748000000000000095e-02
3.265109999999999957e+00 2.427799999999999958e-01 2.665000000000000008e-02
3.265789999999999971e+00 3.080499999999999905e-01 2.616999999999999882e-02
3.266469999999999985e+00 3.318599999999999883e-01 2.701999999999999888e-02
3.267139999999999933e+00 2.964399999999999813e-01 2.623999999999999944e-02
3.267819999999999947e+00 3.143299999999999983e-01 2.665000000000000008e-02
3.268489999999999895e+00 2.893499999999999961e-01 2.735999999999999890e-02
3.269179999999999975e+00 2.962699999999999778e-01 2.776999999999999955e-02
3.269849999999999923e+00 3.005200000000000093e-01 2.728999999999999829e-02
3.270519999999999872e+00 3.056099999999999928e-01 2.591999999999999860e-02
3.271199999999999886e+00 2.652900000000000258e-01 2.639999999999999986e-02
3.271879999999999900e+00 2.904399999999999760e-01 2.733999999999999972e-02
3.272549999999999848e+00 2.952899999999999969e-01 2.707999999999999990e-02
3.273229999999999862e+00 2.767299999999999760e-01 2.531999999999999876e-02
3.273909999999999876e+00 2.686700000000000199e-01 2.656000000000000028e-02
3.274579999999999824e+00 3.131399999999999739e-01 2.622999999999999984e-02
3.275259999999999838e+00 2.776699999999999724e-01 2.617999999999999841e-02
3.275939999999999852e+00 3.307700000000000085e-01 2.646000000000000088e-02
3.276609999999999800e+00 2.959800000000000209e-01 2.666999999999999926e-02
3.277289999999999814e+00 2.767100000000000115e-01 2.566999999999999837e-02
3.277969999999999828e+00 2.843600000000000017e-01 2.646000000000000088e-02
3.278640000000000221e+00 3.129199999999999759e-01 2.698000000000000051e-02
3.279319999999999791e+00 3.257999999999999785e-01 2.723000000000000073e-02
3.279999999999999805e+00 3.249900000000000011e-01 2.639000000000000026e-02
3.280670000000000197e+00 3.159199999999999786e-01 2.774000000000000077e-02
3.281350000000000211e+00 2.768399999999999750e-01 2.691999999999999948e-02
3.282020000000000159e+00 2.719599999999999795e-01 2.680000000000000090e-02
3.282700000000000173e+00 2.765500000000000180e-01 2.690000000000000030e-02
3.283380000000000187e+00 3.497799999999999798e-01 2.692999999999999908e-02
3.284050000000000136e+00 3.053899999999999948e-01 2.586000000000000104e-02
3.284730000000000150e+00 3.209400000000000031e-01 2.733999999999999972e-02
3.285410000000000164e+00 3.129199999999999759e-01 2.702999999999999847e-02
3.286090000000000177e+00 3.588299999999999823e-01 2.792000000000000037e-02
3.286760000000000126e+00 2.962400000000000033e-01 2.699000000000000010e-02
3.287440000000000140e+00 2.916500000000000203e-01 2.577000000000000124e-02
3.288110000000000088e+00 3.020599999999999952e-01 2.629000000000000087e-02
3.288790000000000102e+00 3.630499999999999838e-01 2.730000000000000135e-02
3.289460000000000051e+00 2.872799999999999798e-01 2.561000000000000082e-02
3.290140000000000065e+00 3.195100000000000162e-01 2.578000000000000083e-02
3.290820000000000078e+00 3.062099999999999822e-01 2.588000000000000023e-02
3.291500000000000092e+00 2.830599999999999783e-01 2.538999999999999937e-02
3.292170000000000041e+00 2.913299999999999779e-01 2.733000000000000013e-02
3.292850000000000055e+00 2.866600000000000259e-01 2.699000000000000010e-02
3.293520000000000003e+00 3.111300000000000177e-01 2.698000000000000051e-02
3.294200000000000017e+00 3.014100000000000112e-01 2.781000000000000139e-02
3.294880000000000031e+00 3.393399999999999750e-01 2.673000000000000029e-02
3.295560000000000045e+00 3.622799999999999909e-01 2.679000000000000131e-02
3.296229999999999993e+00 3.094999999999999973e-01 2.675999999999999907e-02
3.296910000000000007e+00 2.991599999999999815e-01 2.645000000000000129e-02
3.297579999999999956e+00 3.123799999999999910e-01 2.631999999999999965e-02
3.298259999999999970e+00 2.684000000000000274e-01 2.664000000000000049e-02
3.298939999999999984e+00 3.021599999999999842e-01 3.157000000000000084e-02
3.299609999999999932e+00 2.747600000000000042e-01 2.487999999999999934e-02
3.300289999999999946e+00 3.072099999999999831e-01 2.634999999999999842e-02
3.300969999999999960e+00 2.995900000000000230e-01 2.715000000000000052e-02
3.301639999999999908e+00 3.153299999999999992e-01 2.786999999999999894e-02
3.302319999999999922e+00 2.926099999999999812e-01 2.594000000000000125e-02
3.302989999999999871e+00 2.680699999999999750e-01 2.665000000000000008e-02
3.303669999999999884e+00 3.102199999999999958e-01 2.555999999999999939e-02
3.304349999999999898e+00 3.158299999999999996e-01 2.585000000000000145e-02
3.305019999999999847e+00 3.206499999999999906e-01 2.602000000000000146e-02
3.305699999999999861e+00 3.160600000000000076e-01 2.672000000000000069e-02
3.306379999999999875e+00 2.900800000000000045e-01 2.624999999999999903e-02
3.307049999999999823e+00 2.972799999999999887e-01 2.629000000000000087e-02
3.307739999999999903e+00 2.680299999999999905e-01 2.538999999999999937e-02
3.308399999999999785e+00 2.446599999999999886e-01 2.598999999999999921e-02
3.309079999999999799e+00 2.648800000000000043e-01 2.571000000000000021e-02
3.309759999999999813e+00 2.670000000000000151e-01 2.687000000000000152e-02
3.310439999999999827e+00 2.780199999999999894e-01 2.605999999999999983e-02
3.311110000000000220e+00 3.006800000000000028e-01 2.557999999999999857e-02
3.311789999999999790e+00 3.171200000000000130e-01 2.662000000000000130e-02
3.312460000000000182e+00 3.049399999999999888e-01 2.689000000000000071e-02
3.313140000000000196e+00 2.968100000000000183e-01 2.707000000000000031e-02
3.313810000000000144e+00 2.543900000000000050e-01 2.648000000000000007e-02
3.314490000000000158e+00 3.387999999999999901e-01 2.705000000000000113e-02
3.315170000000000172e+00 2.636899999999999800e-01 2.555999999999999939e-02
3.315840000000000121e+00 2.896299999999999986e-01 2.690999999999999989e-02
3.316520000000000135e+00 3.446699999999999764e-01 2.655000000000000068e-02
3.317200000000000149e+00 2.938000000000000056e-01 2.674999999999999947e-02
3.317870000000000097e+00 2.955200000000000049e-01 2.724000000000000032e-02
3.318550000000000111e+00 2.784699999999999953e-01 2.559000000000000163e-02
3.319230000000000125e+00 3.390299999999999980e-01 2.707999999999999990e-02
3.319900000000000073e+00 3.091400000000000259e-01 2.824000000000000121e-02
3.320580000000000087e+00 3.040999999999999814e-01 2.630000000000000046e-02
3.321250000000000036e+00 2.665600000000000191e-01 2.702999999999999847e-02
3.321930000000000049e+00 3.211700000000000110e-01 2.572999999999999940e-02
3.323280000000000012e+00 3.577299999999999924e-01 2.612000000000000086e-02
3.323960000000000026e+00 2.893999999999999906e-01 2.557999999999999857e-02
3.324629999999999974e+00 2.858499999999999930e-01 2.568000000000000144e-02
3.325309999999999988e+00 2.931900000000000062e-01 2.690999999999999989e-02
3.325990000000000002e+00 2.838300000000000267e-01 2.675999999999999907e-02
3.326659999999999950e+00 2.874300000000000188e-01 2.679000000000000131e-02
3.328019999999999978e+00 2.988700000000000245e-01 2.588000000000000023e-02
3.328689999999999927e+00 2.891900000000000026e-01 2.521999999999999936e-02
3.329369999999999941e+00 2.725099999999999745e-01 2.663000000000000089e-02
3.330039999999999889e+00 2.922799999999999843e-01 2.565999999999999878e-02
3.330719999999999903e+00 2.621399999999999841e-01 2.653000000000000150e-02
3.331399999999999917e+00 2.662900000000000267e-01 2.650999999999999884e-02
3.332069999999999865e+00 3.324799999999999978e-01 2.663000000000000089e-02
3.332749999999999879e+00 3.516199999999999881e-01 2.648999999999999966e-02
3.333419999999999828e+00 2.649000000000000243e-01 2.582999999999999879e-02
3.334099999999999842e+00 2.928200000000000247e-01 2.508000000000000160e-02
3.334779999999999855e+00 2.854099999999999970e-01 2.624999999999999903e-02
3.335449999999999804e+00 3.227900000000000214e-01 2.651999999999999844e-02
3.336129999999999818e+00 3.192599999999999882e-01 2.544000000000000081e-02
3.336800000000000210e+00 2.819300000000000139e-01 2.675999999999999907e-02
3.337479999999999780e+00 2.802899999999999836e-01 2.705000000000000113e-02
3.338159999999999794e+00 2.896900000000000031e-01 2.921999999999999945e-02
3.338830000000000187e+00 2.881099999999999772e-01 2.752999999999999892e-02
3.339510000000000201e+00 2.637599999999999945e-01 2.684999999999999887e-02
3.340190000000000214e+00 3.118600000000000261e-01 2.724000000000000032e-02
3.340860000000000163e+00 3.025300000000000211e-01 2.721000000000000155e-02
3.341540000000000177e+00 3.150299999999999767e-01 2.562000000000000041e-02
3.342210000000000125e+00 3.583500000000000019e-01 2.631999999999999965e-02
3.342890000000000139e+00 2.808599999999999985e-01 2.792000000000000037e-02
3.343560000000000088e+00 3.091499999999999804e-01 2.699999999999999969e-02
3.344240000000000101e+00 3.262900000000000245e-01 2.605999999999999983e-02
3.344920000000000115e+00 2.980900000000000216e-01 2.704000000000000153e-02
3.345590000000000064e+00 3.525900000000000145e-01 2.681000000000000050e-02
3.346270000000000078e+00 2.718900000000000206e-01 2.656999999999999987e-02
3.346940000000000026e+00 2.792600000000000082e-01 2.628000000000000128e-02
3.347620000000000040e+00 3.108199999999999852e-01 2.596000000000000044e-02
3.348289999999999988e+00 3.142499999999999738e-01 2.748000000000000095e-02
3.348970000000000002e+00 2.948100000000000165e-01 2.633999999999999883e-02
3.349650000000000016e+00 2.841799999999999882e-01 2.579000000000000042e-02
3.350319999999999965e+00 3.137199999999999989e-01 2.583999999999999839e-02
3.350999999999999979e+00 3.417499999999999982e-01 2.758000000000000035e-02
3.351679999999999993e+00 2.743900000000000228e-01 2.620000000000000107e-02
3.352349999999999941e+00 2.903100000000000125e-01 2.604000000000000065e-02
3.353029999999999955e+00 3.153500000000000192e-01 2.634999999999999842e-02
3.353699999999999903e+00 2.888600000000000056e-01 2.665999999999999967e-02
3.354379999999999917e+00 2.782800000000000273e-01 2.622999999999999984e-02
3.355059999999999931e+00 3.458300000000000263e-01 2.807000000000000120e-02
3.355729999999999880e+00 2.369400000000000117e-01 2.564999999999999919e-02
3.356409999999999894e+00 2.840099999999999847e-01 2.647000000000000047e-02
3.357079999999999842e+00 3.331600000000000117e-01 2.724999999999999992e-02
3.357759999999999856e+00 3.200100000000000167e-01 2.570000000000000062e-02
3.358429999999999804e+00 2.881299999999999972e-01 2.735999999999999890e-02
3.359109999999999818e+00 3.311399999999999899e-01 2.661000000000000171e-02
3.359789999999999832e+00 3.410500000000000198e-01 2.692999999999999908e-02
3.360459999999999781e+00 2.827700000000000213e-01 2.656000000000000028e-02
3.361139999999999795e+00 3.007600000000000273e-01 2.591999999999999860e-02
3.361810000000000187e+00 3.047599999999999754e-01 2.666999999999999926e-02
3.362490000000000201e+00 3.120999999999999885e-01 2.706000000000000072e-02
3.363160000000000149e+00 2.797299999999999787e-01 2.761999999999999872e-02
3.363840000000000163e+00 2.657700000000000062e-01 2.522999999999999896e-02
3.364520000000000177e+00 2.656200000000000228e-01 2.733000000000000013e-02
3.365190000000000126e+00 3.403700000000000059e-01 2.631000000000000005e-02
3.366540000000000088e+00 2.970800000000000107e-01 2.613000000000000045e-02
3.367220000000000102e+00 2.741199999999999748e-01 2.689000000000000071e-02
3.367900000000000116e+00 2.965800000000000103e-01 2.605999999999999983e-02
3.368570000000000064e+00 3.558200000000000252e-01 2.718999999999999889e-02
3.369250000000000078e+00 3.252800000000000136e-01 2.649999999999999925e-02
3.369920000000000027e+00 3.321399999999999908e-01 2.597000000000000003e-02
3.370600000000000041e+00 2.664300000000000002e-01 2.606999999999999942e-02
3.371280000000000054e+00 2.602900000000000214e-01 2.761999999999999872e-02
3.371950000000000003e+00 3.173699999999999855e-01 2.673999999999999988e-02
3.373299999999999965e+00 2.728499999999999814e-01 2.511999999999999997e-02
3.373979999999999979e+00 2.642200000000000104e-01 2.539999999999999897e-02
3.375329999999999941e+00 3.382600000000000051e-01 2.576000000000000165e-02
3.376009999999999955e+00 2.602800000000000114e-01 2.687000000000000152e-02
3.376679999999999904e+00 2.795500000000000207e-01 2.719999999999999848e-02
3.377359999999999918e+00 2.788100000000000023e-01 2.716000000000000011e-02
3.378039999999999932e+00 3.124299999999999855e-01 2.745999999999999830e-02
3.378709999999999880e+00 3.267300000000000204e-01 2.542000000000000162e-02
3.379379999999999828e+00 2.980300000000000171e-01 2.682000000000000009e-02
3.380059999999999842e+00 2.657999999999999807e-01 2.741000000000000034e-02
3.380739999999999856e+00 2.622800000000000131e-01 2.692999999999999908e-02
3.381409999999999805e+00 3.096099999999999963e-01 2.658999999999999905e-02
3.382089999999999819e+00 2.857600000000000140e-01 2.716000000000000011e-02
3.382760000000000211e+00 2.887500000000000067e-01 2.724000000000000032e-02
3.383439999999999781e+00 3.475599999999999801e-01 2.710999999999999868e-02
3.384119999999999795e+00 3.087599999999999789e-01 2.622000000000000025e-02
3.385460000000000136e+00 3.076499999999999790e-01 2.727999999999999869e-02
3.386140000000000150e+00 2.924300000000000233e-01 2.636000000000000149e-02
3.386820000000000164e+00 2.946199999999999930e-01 2.681000000000000050e-02
3.387490000000000112e+00 3.742599999999999816e-01 2.631000000000000005e-02
3.388170000000000126e+00 3.046400000000000219e-01 2.681000000000000050e-02
3.388840000000000074e+00 3.032199999999999895e-01 2.621000000000000066e-02
3.389520000000000088e+00 2.330500000000000071e-01 2.778999999999999873e-02
3.390190000000000037e+00 3.084000000000000075e-01 2.621000000000000066e-02
3.390870000000000051e+00 2.930599999999999872e-01 2.600999999999999840e-02
3.391550000000000065e+00 2.842100000000000182e-01 2.651999999999999844e-02
3.392220000000000013e+00 3.310400000000000009e-01 2.719999999999999848e-02
3.392900000000000027e+00 2.486899999999999944e-01 2.742999999999999952e-02
3.393569999999999975e+00 3.175799999999999734e-01 2.583999999999999839e-02
3.394249999999999989e+00 2.581899999999999751e-01 2.611000000000000126e-02
3.394919999999999938e+00 3.282200000000000117e-01 2.787999999999999853e-02
3.395599999999999952e+00 3.367800000000000238e-01 2.824000000000000121e-02
3.396279999999999966e+00 3.069100000000000161e-01 2.741999999999999993e-02
3.396949999999999914e+00 2.863100000000000089e-01 2.728999999999999829e-02
3.397629999999999928e+00 2.909599999999999964e-01 2.804999999999999855e-02
3.398299999999999876e+00 3.276399999999999868e-01 2.708999999999999950e-02
3.398979999999999890e+00 3.184199999999999808e-01 2.750999999999999973e-02
3.399649999999999839e+00 3.260899999999999910e-01 2.647000000000000047e-02
3.400329999999999853e+00 3.008000000000000118e-01 2.698000000000000051e-02
3.401009999999999867e+00 2.864999999999999769e-01 2.563000000000000000e-02
3.401679999999999815e+00 2.933700000000000196e-01 2.644000000000000170e-02
3.402359999999999829e+00 2.721299999999999830e-01 2.619000000000000147e-02
3.403030000000000221e+00 2.521999999999999797e-01 2.697000000000000092e-02
3.403709999999999791e+00 3.058500000000000107e-01 2.697000000000000092e-02
3.404380000000000184e+00 3.270799999999999819e-01 2.749000000000000055e-02
3.405060000000000198e+00 2.834900000000000198e-01 2.796999999999999834e-02
3.405730000000000146e+00 2.470799999999999941e-01 2.750999999999999973e-02
3.406410000000000160e+00 2.776899999999999924e-01 2.764000000000000137e-02
3.407080000000000108e+00 3.288900000000000157e-01 2.692999999999999908e-02
3.407760000000000122e+00 3.307999999999999829e-01 2.681000000000000050e-02
3.408430000000000071e+00 3.221300000000000274e-01 2.752999999999999892e-02
3.409110000000000085e+00 2.746799999999999797e-01 2.775000000000000036e-02
3.409790000000000099e+00 3.213900000000000090e-01 2.682999999999999968e-02
3.410460000000000047e+00 2.979700000000000126e-01 2.632999999999999924e-02
3.411140000000000061e+00 2.743599999999999928e-01 2.698000000000000051e-02
3.411810000000000009e+00 3.141300000000000203e-01 2.689000000000000071e-02
3.412490000000000023e+00 3.317800000000000193e-01 2.738000000000000156e-02
3.413159999999999972e+00 3.148000000000000242e-01 2.756000000000000116e-02
3.413839999999999986e+00 3.071499999999999786e-01 2.761999999999999872e-02
3.414509999999999934e+00 3.241999999999999882e-01 2.858000000000000124e-02
3.415189999999999948e+00 2.716399999999999926e-01 2.707999999999999990e-02
3.415869999999999962e+00 2.851899999999999991e-01 2.843000000000000041e-02
3.416539999999999910e+00 2.835599999999999787e-01 2.738000000000000156e-02
3.417219999999999924e+00 2.638499999999999734e-01 2.668999999999999845e-02
3.417889999999999873e+00 3.048500000000000099e-01 2.539999999999999897e-02
3.418569999999999887e+00 2.902500000000000080e-01 2.656000000000000028e-02
3.419239999999999835e+00 2.496400000000000008e-01 2.597000000000000003e-02
3.419919999999999849e+00 2.693099999999999938e-01 2.597000000000000003e-02
3.420589999999999797e+00 2.768599999999999950e-01 2.678000000000000172e-02
3.421269999999999811e+00 3.416100000000000247e-01 2.658999999999999905e-02
3.421940000000000204e+00 2.660299999999999887e-01 2.724999999999999992e-02
3.422620000000000218e+00 3.490699999999999914e-01 2.552000000000000102e-02
3.423299999999999788e+00 2.810099999999999820e-01 2.557999999999999857e-02
3.423970000000000180e+00 3.146300000000000208e-01 2.682999999999999968e-02
3.424640000000000128e+00 3.064799999999999747e-01 2.714000000000000093e-02
3.425320000000000142e+00 3.052500000000000213e-01 2.671000000000000110e-02
3.426000000000000156e+00 3.141900000000000248e-01 2.578000000000000083e-02
3.426670000000000105e+00 2.695799999999999863e-01 2.672000000000000069e-02
3.427350000000000119e+00 2.718099999999999961e-01 2.701999999999999888e-02
3.428020000000000067e+00 3.075999999999999845e-01 2.603000000000000105e-02
3.428700000000000081e+00 3.632000000000000228e-01 2.730000000000000135e-02
3.429370000000000029e+00 3.476400000000000046e-01 2.845999999999999919e-02
3.430050000000000043e+00 3.276800000000000268e-01 2.663000000000000089e-02
3.430730000000000057e+00 3.247200000000000086e-01 2.707000000000000031e-02
3.431400000000000006e+00 2.959800000000000209e-01 2.548999999999999877e-02
3.432069999999999954e+00 2.733499999999999819e-01 2.563999999999999960e-02
3.432749999999999968e+00 2.762700000000000156e-01 2.809999999999999998e-02
3.434099999999999930e+00 3.115200000000000191e-01 2.937000000000000027e-02
3.434769999999999879e+00 3.095300000000000273e-01 2.595000000000000084e-02
3.435449999999999893e+00 3.054700000000000193e-01 2.639000000000000026e-02
3.436129999999999907e+00 2.537499999999999756e-01 2.639999999999999986e-02
3.436799999999999855e+00 3.186800000000000188e-01 2.597000000000000003e-02
3.437479999999999869e+00 2.730899999999999994e-01 2.536000000000000060e-02
3.438149999999999817e+00 2.607300000000000173e-01 2.727999999999999869e-02
3.438829999999999831e+00 3.580300000000000149e-01 2.645000000000000129e-02
3.439499999999999780e+00 3.155999999999999917e-01 2.665999999999999967e-02
3.440179999999999794e+00 2.957699999999999774e-01 2.756000000000000116e-02
3.440850000000000186e+00 2.595299999999999829e-01 2.586000000000000104e-02
3.442210000000000214e+00 3.427999999999999936e-01 2.690999999999999989e-02
3.442880000000000162e+00 2.894999999999999796e-01 2.692999999999999908e-02
3.443550000000000111e+00 3.568700000000000205e-01 2.693999999999999867e-02
3.444230000000000125e+00 2.806299999999999906e-01 2.695000000000000173e-02
3.444900000000000073e+00 3.553799999999999737e-01 2.701999999999999888e-02
3.445580000000000087e+00 3.230700000000000238e-01 2.730000000000000135e-02
3.446260000000000101e+00 3.050899999999999723e-01 2.581999999999999920e-02
3.446930000000000049e+00 3.202300000000000146e-01 2.724000000000000032e-02
3.447610000000000063e+00 2.989499999999999935e-01 2.607999999999999902e-02
3.448280000000000012e+00 3.419599999999999862e-01 2.745999999999999830e-02
3.448949999999999960e+00 2.649299999999999988e-01 2.679000000000000131e-02
3.449629999999999974e+00 3.197999999999999732e-01 2.770999999999999852e-02
3.450309999999999988e+00 3.185299999999999798e-01 2.665999999999999967e-02
3.450979999999999936e+00 3.216499999999999915e-01 2.657999999999999946e-02
3.451659999999999950e+00 3.068500000000000116e-01 2.715000000000000052e-02
3.452329999999999899e+00 3.254500000000000171e-01 2.553000000000000061e-02
3.453009999999999913e+00 3.331799999999999762e-01 2.671000000000000110e-02
3.453679999999999861e+00 2.825400000000000134e-01 2.759999999999999953e-02
3.454359999999999875e+00 3.030700000000000061e-01 2.670000000000000151e-02
3.455029999999999824e+00 3.034700000000000175e-01 2.608999999999999861e-02
3.455709999999999837e+00 2.404499999999999971e-01 2.813999999999999835e-02
3.456379999999999786e+00 2.744500000000000273e-01 2.655000000000000068e-02
3.457059999999999800e+00 2.389199999999999935e-01 2.577000000000000124e-02
3.457730000000000192e+00 3.084100000000000175e-01 3.028000000000000136e-02
3.459080000000000155e+00 2.890499999999999736e-01 2.940999999999999864e-02
3.459760000000000169e+00 2.600899999999999879e-01 2.736999999999999850e-02
3.460430000000000117e+00 2.979100000000000081e-01 2.782000000000000098e-02
3.461110000000000131e+00 3.179500000000000104e-01 2.830999999999999836e-02
3.461780000000000079e+00 2.936099999999999821e-01 2.610000000000000167e-02
3.462460000000000093e+00 3.107300000000000062e-01 2.646000000000000088e-02
3.463130000000000042e+00 2.555999999999999939e-01 2.711999999999999827e-02
3.463810000000000056e+00 3.121599999999999930e-01 2.731000000000000094e-02
3.464480000000000004e+00 3.058500000000000107e-01 2.605000000000000024e-02
3.465160000000000018e+00 3.057199999999999918e-01 2.645000000000000129e-02
3.465829999999999966e+00 2.595999999999999974e-01 2.665999999999999967e-02
3.466509999999999980e+00 3.087699999999999889e-01 2.656999999999999987e-02
3.467179999999999929e+00 3.146399999999999753e-01 2.711999999999999827e-02
3.467859999999999943e+00 2.797100000000000142e-01 2.640999999999999945e-02
3.468529999999999891e+00 2.986300000000000066e-01 2.659999999999999865e-02
3.469209999999999905e+00 2.814200000000000035e-01 2.581999999999999920e-02
3.469879999999999853e+00 3.272399999999999753e-01 2.648999999999999966e-02
3.470559999999999867e+00 2.589600000000000235e-01 2.593000000000000166e-02
3.471229999999999816e+00 3.007500000000000173e-01 2.709999999999999909e-02
3.471909999999999830e+00 3.843699999999999894e-01 2.722000000000000114e-02
3.472579999999999778e+00 3.210500000000000020e-01 2.572999999999999940e-02
3.473259999999999792e+00 3.641900000000000137e-01 2.721000000000000155e-02
3.473930000000000184e+00 2.802700000000000191e-01 2.611000000000000126e-02
3.474610000000000198e+00 2.744699999999999918e-01 2.722000000000000114e-02
3.475280000000000147e+00 3.178300000000000014e-01 2.690000000000000030e-02
3.475960000000000161e+00 2.815699999999999870e-01 2.616999999999999882e-02
3.476630000000000109e+00 3.080800000000000205e-01 2.642999999999999863e-02
3.477310000000000123e+00 2.752700000000000147e-01 2.700999999999999929e-02
3.477980000000000071e+00 2.894800000000000151e-01 2.648000000000000007e-02
3.478660000000000085e+00 3.079399999999999915e-01 2.673000000000000029e-02
3.479330000000000034e+00 3.030100000000000016e-01 2.716000000000000011e-02
3.480010000000000048e+00 2.803999999999999826e-01 2.730000000000000135e-02
3.480679999999999996e+00 3.112099999999999866e-01 2.768999999999999934e-02
3.481360000000000010e+00 3.277900000000000258e-01 2.759999999999999953e-02
3.482029999999999959e+00 2.980300000000000171e-01 2.690000000000000030e-02
3.482709999999999972e+00 2.871299999999999963e-01 2.733999999999999972e-02
3.483379999999999921e+00 3.005700000000000038e-01 2.622999999999999984e-02
3.484059999999999935e+00 3.046200000000000019e-01 2.716000000000000011e-02
3.484729999999999883e+00 2.905599999999999850e-01 2.794999999999999915e-02
3.485409999999999897e+00 3.252999999999999781e-01 2.738000000000000156e-02
3.486079999999999846e+00 3.280500000000000083e-01 2.678000000000000172e-02
3.486759999999999859e+00 2.306600000000000039e-01 2.716999999999999971e-02
3.487429999999999808e+00 2.840699999999999892e-01 2.649999999999999925e-02
3.488100000000000200e+00 3.158599999999999741e-01 2.581999999999999920e-02
3.488780000000000214e+00 3.352999999999999869e-01 2.690000000000000030e-02
3.489450000000000163e+00 3.288800000000000057e-01 2.734999999999999931e-02
3.490130000000000177e+00 3.265600000000000169e-01 2.779999999999999832e-02
3.490810000000000191e+00 3.292599999999999971e-01 2.786999999999999894e-02
3.491480000000000139e+00 2.856699999999999795e-01 2.764000000000000137e-02
3.492150000000000087e+00 3.014200000000000212e-01 2.739000000000000115e-02
3.492830000000000101e+00 3.108699999999999797e-01 2.552000000000000102e-02
3.493500000000000050e+00 2.484599999999999864e-01 2.642999999999999863e-02
3.494180000000000064e+00 2.768800000000000150e-01 2.785999999999999935e-02
3.495530000000000026e+00 2.621499999999999941e-01 2.654000000000000109e-02
3.496210000000000040e+00 2.905300000000000105e-01 2.624999999999999903e-02
3.496879999999999988e+00 2.517099999999999893e-01 2.656000000000000028e-02
3.497549999999999937e+00 2.762700000000000156e-01 2.683999999999999928e-02
3.498899999999999899e+00 2.966699999999999893e-01 2.538999999999999937e-02
3.499579999999999913e+00 3.342300000000000271e-01 2.633999999999999883e-02
3.500249999999999861e+00 3.016099999999999892e-01 2.734999999999999931e-02
3.500929999999999875e+00 2.987799999999999900e-01 2.631999999999999965e-02
3.501599999999999824e+00 2.834699999999999998e-01 2.654000000000000109e-02
3.502270000000000216e+00 2.950200000000000045e-01 2.768999999999999934e-02
3.502949999999999786e+00 3.012699999999999823e-01 2.713000000000000134e-02
3.504300000000000193e+00 3.129899999999999904e-01 2.696000000000000132e-02
3.504970000000000141e+00 3.230100000000000193e-01 2.764000000000000137e-02
3.505650000000000155e+00 3.231800000000000228e-01 2.680000000000000090e-02
3.506320000000000103e+00 2.539699999999999736e-01 2.665999999999999967e-02
3.507000000000000117e+00 2.859099999999999975e-01 2.688000000000000111e-02
3.507670000000000066e+00 3.120200000000000196e-01 2.742999999999999952e-02
3.508340000000000014e+00 3.145200000000000218e-01 2.769999999999999893e-02
3.509020000000000028e+00 3.282700000000000062e-01 2.716000000000000011e-02
3.509689999999999976e+00 2.871500000000000163e-01 2.649999999999999925e-02
3.510369999999999990e+00 3.418700000000000072e-01 2.765000000000000097e-02
3.511039999999999939e+00 3.033600000000000185e-01 2.784999999999999976e-02
3.511719999999999953e+00 3.082099999999999840e-01 2.748000000000000095e-02
3.512389999999999901e+00 3.277399999999999758e-01 2.792000000000000037e-02
3.513069999999999915e+00 2.699599999999999778e-01 2.616999999999999882e-02
3.513739999999999863e+00 2.987799999999999900e-01 2.767000000000000015e-02
3.514419999999999877e+00 3.013000000000000123e-01 2.638000000000000067e-02
3.515089999999999826e+00 3.037099999999999800e-01 2.758000000000000035e-02
3.515769999999999840e+00 3.109199999999999742e-01 2.766000000000000056e-02
3.516439999999999788e+00 3.443399999999999794e-01 2.682999999999999968e-02
3.517119999999999802e+00 3.017000000000000237e-01 2.789000000000000160e-02
3.517790000000000195e+00 2.914499999999999869e-01 2.748000000000000095e-02
3.518470000000000208e+00 2.817399999999999904e-01 2.544000000000000081e-02
3.519140000000000157e+00 3.039700000000000180e-01 2.716999999999999971e-02
3.519810000000000105e+00 3.539700000000000069e-01 2.750000000000000014e-02
3.520490000000000119e+00 2.868899999999999784e-01 2.718999999999999889e-02
3.521170000000000133e+00 3.238500000000000267e-01 2.782000000000000098e-02
3.521840000000000082e+00 2.854999999999999760e-01 2.758000000000000035e-02
3.522520000000000095e+00 2.501900000000000235e-01 2.715000000000000052e-02
3.523190000000000044e+00 3.202200000000000046e-01 2.653000000000000150e-02
3.523859999999999992e+00 2.883600000000000052e-01 2.745999999999999830e-02
3.524540000000000006e+00 2.591700000000000115e-01 2.685999999999999846e-02
3.525209999999999955e+00 2.888899999999999801e-01 2.722000000000000114e-02
3.525879999999999903e+00 3.016400000000000192e-01 2.690000000000000030e-02
3.526559999999999917e+00 3.108799999999999897e-01 2.639999999999999986e-02
3.527239999999999931e+00 2.821299999999999919e-01 2.748000000000000095e-02
3.527909999999999879e+00 2.918899999999999828e-01 2.564999999999999919e-02
3.528579999999999828e+00 3.595900000000000207e-01 2.809999999999999998e-02
3.529259999999999842e+00 3.702900000000000080e-01 2.844000000000000000e-02
3.529929999999999790e+00 3.010200000000000098e-01 2.709999999999999909e-02
3.530609999999999804e+00 3.297399999999999776e-01 2.710999999999999868e-02
3.531280000000000197e+00 3.357200000000000184e-01 2.724999999999999992e-02
3.531960000000000210e+00 3.219099999999999739e-01 2.813999999999999835e-02
3.532630000000000159e+00 3.397999999999999909e-01 2.673999999999999988e-02
3.533300000000000107e+00 3.378999999999999782e-01 2.699000000000000010e-02
3.533980000000000121e+00 3.680300000000000238e-01 2.726999999999999910e-02
3.534650000000000070e+00 2.719900000000000095e-01 2.727999999999999869e-02
3.536000000000000032e+00 2.836299999999999932e-01 2.692999999999999908e-02
3.536680000000000046e+00 3.103600000000000247e-01 2.774000000000000077e-02
3.537349999999999994e+00 3.308699999999999974e-01 2.802999999999999936e-02
3.538030000000000008e+00 3.093299999999999939e-01 2.698000000000000051e-02
3.538699999999999957e+00 3.034499999999999975e-01 2.739000000000000115e-02
3.539379999999999971e+00 3.213599999999999790e-01 2.740000000000000074e-02
3.540049999999999919e+00 3.190899999999999848e-01 2.622999999999999984e-02
3.540719999999999867e+00 2.681000000000000050e-01 2.598999999999999921e-02
3.541399999999999881e+00 2.890199999999999991e-01 2.765000000000000097e-02
3.542079999999999895e+00 2.548500000000000210e-01 2.576000000000000165e-02
3.542749999999999844e+00 3.009899999999999798e-01 2.747000000000000136e-02
3.543419999999999792e+00 3.105800000000000227e-01 2.625999999999999862e-02
3.544099999999999806e+00 3.003199999999999759e-01 2.695000000000000173e-02
3.544770000000000199e+00 2.984399999999999831e-01 2.649999999999999925e-02
3.545440000000000147e+00 3.451500000000000123e-01 2.791000000000000078e-02
3.546120000000000161e+00 3.426699999999999746e-01 2.813999999999999835e-02
3.546790000000000109e+00 2.606499999999999928e-01 2.790000000000000119e-02
3.547470000000000123e+00 3.304000000000000270e-01 2.790000000000000119e-02
3.548140000000000072e+00 3.260600000000000165e-01 2.634999999999999842e-02
3.548810000000000020e+00 2.457100000000000117e-01 2.717999999999999930e-02
3.549490000000000034e+00 3.442299999999999804e-01 2.733000000000000013e-02
3.550159999999999982e+00 3.153599999999999737e-01 2.748000000000000095e-02
3.550839999999999996e+00 2.728599999999999914e-01 2.642999999999999863e-02
3.551509999999999945e+00 3.241800000000000237e-01 2.794999999999999915e-02
3.552189999999999959e+00 3.016800000000000037e-01 2.724000000000000032e-02
3.552859999999999907e+00 3.104399999999999937e-01 2.610000000000000167e-02
3.553529999999999855e+00 2.641700000000000159e-01 2.673999999999999988e-02
3.554209999999999869e+00 2.596100000000000074e-01 2.750999999999999973e-02
3.555559999999999832e+00 3.239199999999999857e-01 2.727999999999999869e-02
3.556229999999999780e+00 2.943700000000000205e-01 2.758000000000000035e-02
3.556909999999999794e+00 2.946900000000000075e-01 2.774000000000000077e-02
3.557580000000000187e+00 3.177900000000000169e-01 2.697000000000000092e-02
3.558260000000000201e+00 2.805300000000000016e-01 2.764000000000000137e-02
3.558930000000000149e+00 2.563500000000000223e-01 2.759999999999999953e-02
3.559600000000000097e+00 2.841699999999999782e-01 2.620000000000000107e-02
3.560280000000000111e+00 2.803700000000000081e-01 2.554999999999999979e-02
3.560950000000000060e+00 2.773100000000000009e-01 2.715000000000000052e-02
3.561630000000000074e+00 2.462499999999999967e-01 2.644000000000000170e-02
3.562300000000000022e+00 2.890099999999999891e-01 2.844000000000000000e-02
3.562969999999999970e+00 3.253199999999999981e-01 2.774000000000000077e-02
3.563649999999999984e+00 2.771199999999999775e-01 2.709999999999999909e-02
3.564319999999999933e+00 3.298599999999999866e-01 2.753999999999999851e-02
3.564999999999999947e+00 3.415699999999999847e-01 2.902000000000000066e-02
3.565669999999999895e+00 2.812799999999999745e-01 2.607999999999999902e-02
3.566349999999999909e+00 3.062199999999999922e-01 2.716000000000000011e-02
3.567019999999999857e+00 3.195799999999999752e-01 2.795999999999999874e-02
3.567689999999999806e+00 3.042599999999999749e-01 2.861999999999999961e-02
3.568369999999999820e+00 2.541300000000000225e-01 2.789000000000000160e-02
3.569040000000000212e+00 2.605299999999999838e-01 2.684999999999999887e-02
3.569719999999999782e+00 3.062500000000000222e-01 2.758000000000000035e-02
3.570390000000000175e+00 2.421200000000000019e-01 2.653000000000000150e-02
3.571060000000000123e+00 3.072099999999999831e-01 2.833000000000000101e-02
3.571740000000000137e+00 2.910099999999999909e-01 2.820999999999999897e-02
3.572410000000000085e+00 2.416099999999999914e-01 2.774000000000000077e-02
3.573090000000000099e+00 2.812899999999999845e-01 2.710999999999999868e-02
3.573760000000000048e+00 3.345199999999999840e-01 2.722000000000000114e-02
3.574429999999999996e+00 3.705300000000000260e-01 2.833000000000000101e-02
3.575110000000000010e+00 3.404300000000000104e-01 2.801000000000000018e-02
3.575779999999999959e+00 2.838100000000000067e-01 2.807000000000000120e-02
3.576459999999999972e+00 2.981699999999999906e-01 2.850000000000000103e-02
3.577129999999999921e+00 3.019600000000000062e-01 2.804999999999999855e-02
3.577809999999999935e+00 2.824099999999999944e-01 2.782000000000000098e-02
3.578479999999999883e+00 2.791899999999999937e-01 2.775000000000000036e-02
3.579159999999999897e+00 3.318400000000000238e-01 2.796999999999999834e-02
3.579829999999999846e+00 2.411999999999999977e-01 2.589999999999999941e-02
3.580499999999999794e+00 2.755400000000000071e-01 2.699999999999999969e-02
3.581179999999999808e+00 3.638299999999999867e-01 2.808000000000000079e-02
3.581850000000000200e+00 3.235700000000000243e-01 2.829999999999999877e-02
3.582520000000000149e+00 3.332100000000000062e-01 2.867000000000000104e-02
3.583200000000000163e+00 3.000399999999999734e-01 2.557999999999999857e-02
3.583870000000000111e+00 3.173599999999999755e-01 2.613000000000000045e-02
3.584540000000000060e+00 2.590700000000000225e-01 2.704000000000000153e-02
3.585220000000000073e+00 2.706899999999999862e-01 2.894000000000000045e-02
3.585890000000000022e+00 3.101999999999999758e-01 2.830999999999999836e-02
3.586570000000000036e+00 2.750900000000000012e-01 2.749000000000000055e-02
3.587239999999999984e+00 2.622999999999999776e-01 2.666999999999999926e-02
3.587909999999999933e+00 2.975999999999999757e-01 2.824000000000000121e-02
3.588589999999999947e+00 3.236700000000000133e-01 2.757000000000000076e-02
3.589259999999999895e+00 3.164000000000000146e-01 2.883000000000000146e-02
3.589939999999999909e+00 2.940400000000000236e-01 2.801999999999999977e-02
3.590609999999999857e+00 3.195500000000000007e-01 2.762999999999999831e-02
3.591279999999999806e+00 2.714599999999999791e-01 2.801000000000000018e-02
3.591959999999999820e+00 2.673699999999999966e-01 2.795999999999999874e-02
3.592630000000000212e+00 2.447799999999999976e-01 2.792000000000000037e-02
3.593309999999999782e+00 3.310199999999999809e-01 2.716000000000000011e-02
3.593980000000000175e+00 2.826400000000000023e-01 2.722000000000000114e-02
3.594650000000000123e+00 2.496299999999999908e-01 2.639999999999999986e-02
3.595330000000000137e+00 2.969100000000000072e-01 2.699000000000000010e-02
3.596000000000000085e+00 2.538900000000000046e-01 2.799000000000000099e-02
3.596680000000000099e+00 2.955999999999999739e-01 2.786999999999999894e-02
3.597350000000000048e+00 2.835300000000000042e-01 2.685999999999999846e-02
3.598019999999999996e+00 2.981099999999999861e-01 2.776999999999999955e-02
3.598700000000000010e+00 3.041499999999999759e-01 2.796999999999999834e-02
3.599369999999999958e+00 3.004899999999999793e-01 2.775000000000000036e-02
3.600049999999999972e+00 3.137400000000000189e-01 2.739000000000000115e-02
3.600719999999999921e+00 3.047000000000000264e-01 2.735999999999999890e-02
3.601389999999999869e+00 2.337299999999999933e-01 2.770999999999999852e-02
3.602069999999999883e+00 2.491500000000000103e-01 2.718999999999999889e-02
3.602739999999999831e+00 3.233300000000000063e-01 2.874000000000000166e-02
3.603409999999999780e+00 2.878700000000000148e-01 2.698000000000000051e-02
3.604089999999999794e+00 3.357800000000000229e-01 2.685999999999999846e-02
3.604760000000000186e+00 3.010999999999999788e-01 2.725999999999999951e-02
3.605440000000000200e+00 3.501000000000000223e-01 2.597999999999999962e-02
3.606780000000000097e+00 3.452200000000000268e-01 2.834000000000000061e-02
3.607460000000000111e+00 3.063600000000000212e-01 2.699999999999999969e-02
3.608130000000000059e+00 2.546100000000000030e-01 2.757000000000000076e-02
3.608800000000000008e+00 3.250799999999999801e-01 2.819999999999999937e-02
3.609480000000000022e+00 3.381199999999999761e-01 2.775999999999999995e-02
3.610819999999999919e+00 2.605399999999999938e-01 2.769999999999999893e-02
3.611499999999999932e+00 3.283099999999999907e-01 2.817000000000000060e-02
3.612179999999999946e+00 2.400799999999999879e-01 2.792000000000000037e-02
3.612849999999999895e+00 2.816600000000000215e-01 2.792999999999999997e-02
3.613519999999999843e+00 3.235899999999999888e-01 2.777999999999999914e-02
3.614199999999999857e+00 2.864300000000000179e-01 2.714000000000000093e-02
3.614869999999999806e+00 3.010499999999999843e-01 2.766000000000000056e-02
3.615540000000000198e+00 2.672100000000000031e-01 2.767999999999999974e-02
3.616220000000000212e+00 2.726500000000000035e-01 2.827999999999999958e-02
3.616890000000000160e+00 3.225899999999999879e-01 2.784999999999999976e-02
3.617560000000000109e+00 3.259400000000000075e-01 2.707999999999999990e-02
3.618240000000000123e+00 3.471600000000000241e-01 2.692999999999999908e-02
3.618920000000000137e+00 3.202900000000000191e-01 2.744999999999999871e-02
3.619580000000000020e+00 2.822500000000000009e-01 2.670000000000000151e-02
3.620260000000000034e+00 2.547499999999999765e-01 2.807000000000000120e-02
3.620929999999999982e+00 2.798200000000000132e-01 2.765000000000000097e-02
3.621609999999999996e+00 2.797799999999999732e-01 2.724999999999999992e-02
3.622279999999999944e+00 3.098600000000000243e-01 2.773000000000000118e-02
3.622949999999999893e+00 2.464699999999999946e-01 2.651999999999999844e-02
3.623629999999999907e+00 2.841099999999999737e-01 2.868000000000000063e-02
3.624299999999999855e+00 2.696700000000000208e-01 2.803999999999999895e-02
3.624969999999999803e+00 2.830799999999999983e-01 2.767000000000000015e-02
3.625640000000000196e+00 3.321200000000000263e-01 2.897999999999999882e-02
3.626320000000000210e+00 2.619000000000000217e-01 2.719999999999999848e-02
3.626990000000000158e+00 3.266399999999999859e-01 2.735999999999999890e-02
3.627670000000000172e+00 3.321700000000000208e-01 2.854999999999999899e-02
3.628340000000000121e+00 2.757600000000000051e-01 2.858000000000000124e-02
3.629010000000000069e+00 3.024999999999999911e-01 2.794999999999999915e-02
3.629690000000000083e+00 2.866000000000000214e-01 2.872999999999999859e-02
3.630360000000000031e+00 2.642200000000000104e-01 2.818000000000000019e-02
3.631040000000000045e+00 3.420199999999999907e-01 2.816000000000000100e-02
3.631709999999999994e+00 2.436300000000000132e-01 2.766000000000000056e-02
3.632379999999999942e+00 3.678799999999999848e-01 2.879999999999999921e-02
3.633059999999999956e+00 2.906400000000000095e-01 2.837999999999999898e-02
3.633729999999999905e+00 2.453200000000000103e-01 2.812999999999999876e-02
3.634399999999999853e+00 2.936199999999999921e-01 2.821999999999999856e-02
3.635079999999999867e+00 2.708300000000000152e-01 2.779999999999999832e-02
3.635749999999999815e+00 3.153199999999999892e-01 2.923999999999999863e-02
3.636429999999999829e+00 3.166599999999999970e-01 3.002000000000000154e-02
3.637100000000000222e+00 2.774599999999999844e-01 2.842000000000000082e-02
3.637770000000000170e+00 3.149399999999999977e-01 2.857000000000000164e-02
3.638440000000000119e+00 3.020700000000000052e-01 2.841000000000000122e-02
3.639790000000000081e+00 2.349999999999999867e-01 2.717999999999999930e-02
3.640470000000000095e+00 2.822200000000000264e-01 2.966999999999999846e-02
3.641140000000000043e+00 3.186200000000000143e-01 2.912999999999999964e-02
3.641809999999999992e+00 2.908100000000000129e-01 2.796999999999999834e-02
3.642479999999999940e+00 2.870800000000000018e-01 2.801999999999999977e-02
3.643159999999999954e+00 2.982600000000000251e-01 2.893000000000000085e-02
3.643829999999999902e+00 3.385000000000000231e-01 2.782000000000000098e-02
3.645179999999999865e+00 2.893000000000000016e-01 2.844999999999999959e-02
3.646529999999999827e+00 3.434099999999999930e-01 2.892000000000000126e-02
3.647870000000000168e+00 3.172099999999999920e-01 2.808000000000000079e-02
3.648540000000000116e+00 2.814499999999999780e-01 2.846999999999999878e-02
3.649220000000000130e+00 2.511200000000000099e-01 2.775000000000000036e-02
3.649890000000000079e+00 2.942000000000000171e-01 2.820999999999999897e-02
3.650570000000000093e+00 2.935099999999999931e-01 2.715000000000000052e-02
3.651240000000000041e+00 3.129199999999999759e-01 2.790000000000000119e-02
3.651920000000000055e+00 3.104000000000000092e-01 2.864999999999999838e-02
3.652579999999999938e+00 2.801799999999999846e-01 2.724999999999999992e-02
3.653259999999999952e+00 3.092199999999999949e-01 2.769999999999999893e-02
3.653929999999999900e+00 3.124500000000000055e-01 2.866000000000000145e-02
3.654599999999999849e+00 2.791500000000000092e-01 2.801000000000000018e-02
3.655279999999999863e+00 3.156800000000000161e-01 2.833000000000000101e-02
3.655949999999999811e+00 2.825300000000000034e-01 2.850000000000000103e-02
3.656620000000000203e+00 2.895499999999999741e-01 2.878999999999999962e-02
3.657300000000000217e+00 3.052599999999999758e-01 2.823000000000000162e-02
3.657979999999999787e+00 3.412200000000000233e-01 2.845999999999999919e-02
3.659320000000000128e+00 2.829400000000000248e-01 2.707999999999999990e-02
3.659990000000000077e+00 3.269799999999999929e-01 2.928000000000000047e-02
3.660670000000000091e+00 2.532300000000000106e-01 2.807000000000000120e-02
3.661340000000000039e+00 3.094399999999999928e-01 2.902000000000000066e-02
3.662009999999999987e+00 2.647800000000000153e-01 2.877000000000000043e-02
3.662679999999999936e+00 3.369800000000000018e-01 2.820999999999999897e-02
3.663359999999999950e+00 3.071699999999999986e-01 2.803999999999999895e-02
3.664029999999999898e+00 3.243400000000000172e-01 2.885000000000000064e-02
3.664709999999999912e+00 2.705899999999999972e-01 2.741999999999999993e-02
3.665379999999999860e+00 2.641299999999999759e-01 2.698000000000000051e-02
3.666720000000000201e+00 2.811500000000000110e-01 2.818999999999999978e-02
3.667400000000000215e+00 2.860699999999999910e-01 2.866000000000000145e-02
3.668070000000000164e+00 2.996900000000000119e-01 2.792999999999999997e-02
3.668750000000000178e+00 3.006699999999999928e-01 2.775999999999999995e-02
3.669420000000000126e+00 3.064600000000000102e-01 2.801000000000000018e-02
3.670090000000000074e+00 2.498199999999999865e-01 2.770999999999999852e-02
3.670760000000000023e+00 2.917600000000000193e-01 2.864999999999999838e-02
3.671440000000000037e+00 3.179500000000000104e-01 2.903000000000000025e-02
3.672109999999999985e+00 2.957899999999999974e-01 2.849000000000000143e-02
3.672779999999999934e+00 2.879499999999999837e-01 2.843000000000000041e-02
3.673459999999999948e+00 2.577900000000000191e-01 2.812999999999999876e-02
3.674129999999999896e+00 3.064600000000000102e-01 2.889999999999999861e-02
3.674799999999999844e+00 3.205700000000000216e-01 3.004000000000000073e-02
3.675479999999999858e+00 2.726299999999999835e-01 2.727999999999999869e-02
3.676149999999999807e+00 2.359400000000000108e-01 2.860000000000000042e-02
3.676820000000000199e+00 3.095100000000000073e-01 2.818000000000000019e-02
3.677500000000000213e+00 2.925499999999999767e-01 2.903000000000000025e-02
3.678170000000000162e+00 3.148500000000000187e-01 2.741000000000000034e-02
3.680190000000000072e+00 2.839999999999999747e-01 2.905999999999999903e-02
3.680860000000000021e+00 2.569000000000000172e-01 2.944000000000000089e-02
3.681529999999999969e+00 2.843600000000000017e-01 2.872999999999999859e-02
3.682209999999999983e+00 3.270299999999999874e-01 2.809999999999999998e-02
3.682879999999999932e+00 3.179600000000000204e-01 2.850000000000000103e-02
3.683549999999999880e+00 2.757899999999999796e-01 2.845999999999999919e-02
3.684229999999999894e+00 3.052699999999999858e-01 2.920000000000000026e-02
3.684899999999999842e+00 3.677099999999999813e-01 2.818000000000000019e-02
3.685569999999999791e+00 2.814900000000000180e-01 2.804999999999999855e-02
3.686249999999999805e+00 3.212599999999999900e-01 2.897999999999999882e-02
3.686920000000000197e+00 2.671200000000000241e-01 2.832000000000000142e-02
3.687590000000000146e+00 3.285100000000000242e-01 2.750999999999999973e-02
3.688260000000000094e+00 3.148900000000000032e-01 2.919000000000000067e-02
3.688940000000000108e+00 3.084399999999999920e-01 2.884000000000000105e-02
3.689610000000000056e+00 2.660600000000000187e-01 2.740000000000000074e-02
3.690280000000000005e+00 2.967799999999999883e-01 2.790000000000000119e-02
3.690960000000000019e+00 2.857100000000000195e-01 2.829999999999999877e-02
3.691629999999999967e+00 3.134000000000000119e-01 2.747000000000000136e-02
3.692299999999999915e+00 2.887199999999999767e-01 2.938999999999999946e-02
3.692979999999999929e+00 3.061099999999999932e-01 2.784999999999999976e-02
3.693649999999999878e+00 2.680699999999999750e-01 2.957999999999999866e-02
3.694319999999999826e+00 2.543400000000000105e-01 2.840000000000000163e-02
3.694999999999999840e+00 2.862799999999999789e-01 2.606999999999999942e-02
3.695669999999999789e+00 3.107400000000000162e-01 2.807000000000000120e-02
3.696340000000000181e+00 2.897199999999999775e-01 2.895000000000000004e-02
3.697010000000000129e+00 3.271600000000000064e-01 2.955999999999999947e-02
3.697690000000000143e+00 3.047500000000000209e-01 2.951000000000000151e-02
3.698360000000000092e+00 3.041599999999999859e-01 3.045000000000000137e-02
3.699030000000000040e+00 3.080800000000000205e-01 2.889999999999999861e-02
3.699710000000000054e+00 2.775500000000000189e-01 2.937000000000000027e-02
3.700380000000000003e+00 3.108799999999999897e-01 2.845999999999999919e-02
3.701049999999999951e+00 3.300199999999999800e-01 2.852000000000000021e-02
3.701719999999999899e+00 2.679699999999999860e-01 2.896999999999999922e-02
3.703069999999999862e+00 3.652099999999999791e-01 2.851000000000000062e-02
3.703739999999999810e+00 3.292300000000000226e-01 2.896999999999999922e-02
3.704419999999999824e+00 3.360500000000000154e-01 2.973999999999999908e-02
3.705090000000000217e+00 3.355600000000000249e-01 2.894000000000000045e-02
3.705760000000000165e+00 2.688699999999999979e-01 2.918000000000000108e-02
3.706430000000000113e+00 2.971099999999999852e-01 2.955999999999999947e-02
3.707110000000000127e+00 3.205899999999999861e-01 2.798000000000000140e-02
3.707780000000000076e+00 3.428499999999999881e-01 2.884000000000000105e-02
3.708450000000000024e+00 3.654899999999999816e-01 2.923999999999999863e-02
3.709130000000000038e+00 2.959600000000000009e-01 2.934000000000000150e-02
3.709799999999999986e+00 3.244199999999999862e-01 2.892000000000000126e-02
3.710469999999999935e+00 2.665899999999999936e-01 2.931999999999999884e-02
3.711139999999999883e+00 2.764900000000000135e-01 2.648000000000000007e-02
3.711809999999999832e+00 3.346399999999999930e-01 2.815000000000000141e-02
3.712489999999999846e+00 2.954300000000000259e-01 2.883000000000000146e-02
3.713159999999999794e+00 2.880599999999999827e-01 2.832000000000000142e-02
3.713830000000000187e+00 3.222700000000000009e-01 2.976000000000000173e-02
3.714500000000000135e+00 2.917699999999999738e-01 2.730000000000000135e-02
3.715180000000000149e+00 2.333800000000000041e-01 2.734999999999999931e-02
3.715850000000000097e+00 3.419699999999999962e-01 2.914999999999999883e-02
3.716530000000000111e+00 3.148000000000000242e-01 2.990999999999999909e-02
3.717870000000000008e+00 2.880599999999999827e-01 3.019000000000000156e-02
3.823560000000000070e+00 3.242399999999999727e-01 3.023999999999999952e-02
3.824230000000000018e+00 2.831500000000000128e-01 2.961000000000000090e-02
3.824899999999999967e+00 2.927500000000000102e-01 2.996000000000000052e-02
3.825569999999999915e+00 3.296799999999999731e-01 3.059999999999999873e-02
3.826249999999999929e+00 2.459600000000000120e-01 2.846999999999999878e-02
3.826919999999999877e+00 3.257399999999999740e-01 3.097000000000000100e-02
3.827589999999999826e+00 2.622999999999999776e-01 2.971999999999999989e-02
3.828260000000000218e+00 3.305600000000000205e-01 2.978000000000000091e-02
3.828930000000000167e+00 2.199399999999999966e-01 2.843000000000000041e-02
3.829610000000000181e+00 3.205100000000000171e-01 3.028000000000000136e-02
3.830280000000000129e+00 2.558000000000000274e-01 2.748000000000000095e-02
3.830950000000000077e+00 2.526399999999999757e-01 2.980999999999999969e-02
3.831620000000000026e+00 3.565200000000000036e-01 2.981999999999999929e-02
3.832289999999999974e+00 2.792499999999999982e-01 2.981999999999999929e-02
3.832959999999999923e+00 2.509700000000000264e-01 2.931999999999999884e-02
3.833629999999999871e+00 2.337200000000000111e-01 3.006999999999999951e-02
3.834309999999999885e+00 3.023100000000000231e-01 3.070000000000000159e-02
3.834979999999999833e+00 2.789300000000000113e-01 3.051999999999999852e-02
3.835649999999999782e+00 3.119100000000000206e-01 2.986000000000000112e-02
3.836320000000000174e+00 2.842999999999999972e-01 2.989999999999999949e-02
3.836990000000000123e+00 2.897100000000000231e-01 2.985000000000000153e-02
3.837660000000000071e+00 2.711500000000000021e-01 3.051999999999999852e-02
3.838330000000000020e+00 2.418500000000000094e-01 3.022999999999999993e-02
3.838999999999999968e+00 2.865099999999999869e-01 3.015999999999999931e-02
3.839679999999999982e+00 2.982699999999999796e-01 3.066999999999999935e-02
3.840349999999999930e+00 2.307700000000000029e-01 2.966999999999999846e-02
3.841019999999999879e+00 3.380900000000000016e-01 2.877000000000000043e-02
3.841689999999999827e+00 2.729599999999999804e-01 3.042999999999999872e-02
3.842360000000000220e+00 2.852000000000000091e-01 2.994000000000000133e-02
3.843039999999999790e+00 3.001699999999999924e-01 2.971999999999999989e-02
3.843700000000000117e+00 2.771799999999999820e-01 3.005000000000000032e-02
3.844380000000000130e+00 2.863999999999999879e-01 2.982999999999999888e-02
3.845050000000000079e+00 3.471600000000000241e-01 2.971999999999999989e-02
3.845720000000000027e+00 2.733999999999999764e-01 3.008999999999999869e-02
3.846389999999999976e+00 2.961199999999999943e-01 2.977000000000000132e-02
3.847059999999999924e+00 3.038699999999999735e-01 3.022999999999999993e-02
3.847739999999999938e+00 3.038000000000000145e-01 2.971000000000000030e-02
3.848399999999999821e+00 3.043399999999999994e-01 3.014999999999999972e-02
3.849079999999999835e+00 2.626700000000000146e-01 2.921999999999999945e-02
3.849749999999999783e+00 2.733700000000000019e-01 3.107999999999999999e-02
3.850420000000000176e+00 3.141800000000000148e-01 3.067999999999999894e-02
3.851090000000000124e+00 3.129600000000000160e-01 2.998999999999999930e-02
3.851760000000000073e+00 3.248900000000000121e-01 3.087000000000000161e-02
3.852440000000000087e+00 2.888000000000000012e-01 3.021000000000000074e-02
3.853110000000000035e+00 3.023700000000000276e-01 3.009999999999999828e-02
3.853779999999999983e+00 3.465900000000000092e-01 3.113000000000000142e-02
3.854449999999999932e+00 2.337899999999999978e-01 2.906999999999999862e-02
3.855119999999999880e+00 3.098400000000000043e-01 3.160000000000000309e-02
3.855789999999999829e+00 3.017500000000000182e-01 3.117999999999999938e-02
3.856460000000000221e+00 3.473600000000000021e-01 3.055000000000000077e-02
3.857139999999999791e+00 2.883800000000000252e-01 3.107000000000000040e-02
3.857810000000000183e+00 3.007299999999999973e-01 3.074999999999999956e-02
3.858480000000000132e+00 2.760799999999999921e-01 2.992999999999999827e-02
3.859150000000000080e+00 2.770099999999999785e-01 2.951000000000000151e-02
3.859820000000000029e+00 3.388200000000000101e-01 2.948999999999999885e-02
3.860489999999999977e+00 3.346799999999999775e-01 2.965999999999999887e-02
3.861159999999999926e+00 3.191300000000000248e-01 2.981999999999999929e-02
3.861829999999999874e+00 3.049899999999999833e-01 3.151999999999999941e-02
3.862509999999999888e+00 2.220900000000000096e-01 3.042999999999999872e-02
3.863170000000000215e+00 2.926099999999999812e-01 3.144000000000000267e-02
3.863849999999999785e+00 2.970999999999999752e-01 3.049999999999999933e-02
3.864520000000000177e+00 2.870900000000000118e-01 3.065000000000000016e-02
3.865190000000000126e+00 3.356100000000000194e-01 3.115000000000000061e-02
3.865860000000000074e+00 2.392299999999999982e-01 3.128000000000000225e-02
3.866530000000000022e+00 2.835699999999999887e-01 3.110999999999999877e-02
3.867199999999999971e+00 2.915400000000000214e-01 3.082000000000000017e-02
3.867879999999999985e+00 2.540200000000000236e-01 3.077999999999999833e-02
3.868549999999999933e+00 2.943700000000000205e-01 3.004000000000000073e-02
3.869219999999999882e+00 2.924599999999999977e-01 3.083999999999999936e-02
3.869889999999999830e+00 2.994600000000000040e-01 3.009999999999999828e-02
3.870559999999999778e+00 3.181399999999999784e-01 3.121000000000000163e-02
3.871230000000000171e+00 3.271000000000000019e-01 3.144000000000000267e-02
3.871900000000000119e+00 3.333800000000000097e-01 3.189000000000000168e-02
3.872570000000000068e+00 3.152499999999999747e-01 3.212999999999999884e-02
3.873250000000000082e+00 2.799699999999999966e-01 3.128999999999999837e-02
3.873920000000000030e+00 3.349500000000000255e-01 2.829999999999999877e-02
3.874589999999999979e+00 2.928299999999999792e-01 3.068999999999999853e-02
3.875259999999999927e+00 2.947100000000000275e-01 3.077999999999999833e-02
3.875929999999999875e+00 3.140399999999999858e-01 3.084999999999999895e-02
3.876599999999999824e+00 2.840300000000000047e-01 3.005999999999999991e-02
3.877270000000000216e+00 2.874999999999999778e-01 3.207000000000000128e-02
3.877940000000000165e+00 2.778399999999999759e-01 2.947999999999999926e-02
3.878620000000000179e+00 2.512599999999999834e-01 3.039999999999999994e-02
3.879290000000000127e+00 2.999700000000000144e-01 3.032999999999999932e-02
3.879960000000000075e+00 2.741100000000000203e-01 3.084999999999999895e-02
3.880630000000000024e+00 2.356199999999999961e-01 3.005000000000000032e-02
3.881299999999999972e+00 2.920900000000000163e-01 3.058999999999999914e-02
3.881969999999999921e+00 3.537199999999999789e-01 3.088000000000000120e-02
3.882639999999999869e+00 2.880699999999999927e-01 3.160000000000000309e-02
3.883309999999999818e+00 3.002400000000000069e-01 2.944000000000000089e-02
3.883980000000000210e+00 2.774499999999999744e-01 2.969000000000000111e-02
3.884650000000000158e+00 2.303399999999999892e-01 3.093999999999999875e-02
3.885330000000000172e+00 2.871299999999999963e-01 2.997000000000000011e-02
3.886000000000000121e+00 2.816400000000000015e-01 2.937000000000000027e-02
3.886670000000000069e+00 3.241399999999999837e-01 3.162000000000000227e-02
3.887340000000000018e+00 2.709900000000000087e-01 3.033999999999999891e-02
3.888009999999999966e+00 3.130499999999999949e-01 3.049999999999999933e-02
3.888679999999999914e+00 2.716500000000000026e-01 3.141999999999999654e-02
3.889349999999999863e+00 3.277100000000000013e-01 3.030000000000000054e-02
3.890019999999999811e+00 3.655399999999999761e-01 3.075999999999999915e-02
3.890690000000000204e+00 2.793300000000000227e-01 3.098000000000000059e-02
3.891370000000000218e+00 3.083000000000000185e-01 3.021000000000000074e-02
3.892040000000000166e+00 3.252700000000000036e-01 3.207999999999999741e-02
3.892710000000000115e+00 3.242399999999999727e-01 3.205000000000000210e-02
3.893380000000000063e+00 3.305899999999999950e-01 3.196999999999999842e-02
3.894050000000000011e+00 3.314099999999999824e-01 3.262999999999999928e-02
3.894719999999999960e+00 3.444099999999999939e-01 3.201999999999999985e-02
3.895389999999999908e+00 2.588500000000000245e-01 3.132000000000000062e-02
3.896059999999999857e+00 3.104799999999999782e-01 2.992999999999999827e-02
3.896729999999999805e+00 2.987000000000000210e-01 3.090999999999999998e-02
3.897409999999999819e+00 2.807299999999999796e-01 3.091999999999999957e-02
3.898070000000000146e+00 2.536100000000000021e-01 3.102999999999999856e-02
3.898750000000000160e+00 2.960200000000000053e-01 3.180999999999999800e-02
3.899420000000000108e+00 2.791100000000000247e-01 3.178999999999999881e-02
3.900090000000000057e+00 2.646100000000000119e-01 3.049999999999999933e-02
3.900760000000000005e+00 3.283300000000000107e-01 2.997999999999999970e-02
3.901429999999999954e+00 3.311999999999999944e-01 3.171999999999999820e-02
3.902099999999999902e+00 2.401099999999999901e-01 3.071000000000000119e-02
3.902769999999999850e+00 2.482099999999999862e-01 2.996000000000000052e-02
3.903439999999999799e+00 3.281899999999999817e-01 3.182999999999999718e-02
3.904110000000000191e+00 2.910200000000000009e-01 3.049999999999999933e-02
3.904790000000000205e+00 2.816199999999999815e-01 3.096000000000000141e-02
3.905460000000000154e+00 3.088899999999999979e-01 3.107000000000000040e-02
3.906130000000000102e+00 3.331299999999999817e-01 3.031999999999999973e-02
3.906789999999999985e+00 3.089999999999999969e-01 3.151000000000000328e-02
3.907469999999999999e+00 2.803200000000000136e-01 3.117999999999999938e-02
3.908139999999999947e+00 2.520800000000000263e-01 3.175000000000000044e-02
3.908809999999999896e+00 3.103799999999999892e-01 3.271999999999999909e-02
3.909479999999999844e+00 2.892399999999999971e-01 3.090999999999999998e-02
3.910149999999999793e+00 2.952400000000000024e-01 3.108999999999999958e-02
3.910820000000000185e+00 3.027400000000000091e-01 3.125000000000000000e-02
3.911490000000000133e+00 2.829800000000000093e-01 3.257000000000000173e-02
3.912160000000000082e+00 2.939700000000000091e-01 3.377999999999999753e-02
3.912830000000000030e+00 2.481800000000000117e-01 3.079000000000000140e-02
3.913510000000000044e+00 3.123799999999999910e-01 3.264999999999999847e-02
3.914179999999999993e+00 2.826000000000000179e-01 3.209999999999999659e-02
3.914849999999999941e+00 3.050200000000000133e-01 3.266999999999999765e-02
3.915519999999999889e+00 2.336399999999999866e-01 2.982999999999999888e-02
3.916189999999999838e+00 2.928200000000000247e-01 3.187999999999999862e-02
3.916859999999999786e+00 2.615399999999999947e-01 3.012000000000000094e-02
3.917530000000000179e+00 2.355899999999999939e-01 3.113000000000000142e-02
3.918200000000000127e+00 2.968299999999999828e-01 3.223000000000000170e-02
3.918870000000000076e+00 2.598400000000000154e-01 3.122000000000000122e-02
3.919540000000000024e+00 2.884300000000000197e-01 3.166000000000000064e-02
3.920209999999999972e+00 2.962799999999999878e-01 3.201999999999999985e-02
3.920879999999999921e+00 3.132900000000000129e-01 3.176999999999999963e-02
3.921549999999999869e+00 2.765000000000000235e-01 2.900000000000000147e-02
3.922219999999999818e+00 2.708300000000000152e-01 3.020000000000000115e-02
3.922890000000000210e+00 3.118199999999999861e-01 3.072000000000000078e-02
3.923569999999999780e+00 3.074799999999999756e-01 3.196000000000000230e-02
3.924240000000000173e+00 2.795500000000000207e-01 3.111999999999999836e-02
3.924910000000000121e+00 3.182099999999999929e-01 3.148999999999999716e-02
3.925580000000000069e+00 3.162300000000000111e-01 3.153999999999999859e-02
3.926250000000000018e+00 2.288900000000000101e-01 3.155000000000000165e-02
3.926919999999999966e+00 2.763100000000000001e-01 3.203999999999999904e-02
3.927589999999999915e+00 3.103199999999999847e-01 3.132999999999999674e-02
3.928929999999999811e+00 2.502900000000000125e-01 3.135000000000000286e-02
3.929600000000000204e+00 3.059399999999999897e-01 3.067999999999999894e-02
3.930270000000000152e+00 2.984100000000000086e-01 3.171999999999999820e-02
3.930940000000000101e+00 2.483599999999999974e-01 3.053000000000000158e-02
3.931610000000000049e+00 2.833499999999999908e-01 3.151999999999999941e-02
3.932279999999999998e+00 3.137599999999999834e-01 3.230999999999999844e-02
3.932949999999999946e+00 2.990900000000000225e-01 3.148999999999999716e-02
3.933629999999999960e+00 3.857400000000000273e-01 3.209999999999999659e-02
3.934299999999999908e+00 2.965200000000000058e-01 3.205999999999999822e-02
3.934969999999999857e+00 3.332899999999999752e-01 3.141000000000000042e-02
3.935639999999999805e+00 3.075700000000000101e-01 3.389000000000000346e-02
3.936310000000000198e+00 3.263199999999999990e-01 3.180999999999999800e-02
3.936970000000000081e+00 3.066300000000000137e-01 3.248999999999999805e-02
3.937650000000000095e+00 2.556999999999999829e-01 3.079000000000000140e-02
3.938320000000000043e+00 3.147300000000000098e-01 3.228000000000000314e-02
3.938989999999999991e+00 2.736799999999999788e-01 3.040999999999999953e-02
3.939659999999999940e+00 2.453599999999999948e-01 3.216999999999999721e-02
3.940329999999999888e+00 2.828100000000000058e-01 3.153999999999999859e-02
3.940999999999999837e+00 3.580699999999999994e-01 3.160000000000000309e-02
3.941669999999999785e+00 2.541999999999999815e-01 3.144000000000000267e-02
3.942340000000000177e+00 3.048299999999999899e-01 3.125000000000000000e-02
3.943010000000000126e+00 2.723400000000000265e-01 3.164000000000000146e-02
3.943680000000000074e+00 2.779300000000000104e-01 3.336000000000000076e-02
3.944350000000000023e+00 3.247200000000000086e-01 3.271999999999999909e-02
3.945019999999999971e+00 2.823700000000000099e-01 3.114000000000000101e-02
3.945689999999999920e+00 2.907100000000000239e-01 3.135999999999999899e-02
3.946359999999999868e+00 2.864499999999999824e-01 3.133999999999999980e-02
3.947029999999999816e+00 2.579099999999999726e-01 3.223000000000000170e-02
3.947700000000000209e+00 2.695000000000000173e-01 3.295000000000000012e-02
3.948379999999999779e+00 2.993700000000000250e-01 3.189999999999999780e-02
3.949040000000000106e+00 2.766199999999999770e-01 3.119999999999999857e-02
3.949720000000000120e+00 3.697300000000000031e-01 3.391000000000000264e-02
3.950390000000000068e+00 3.556699999999999862e-01 3.298000000000000237e-02
3.951060000000000016e+00 3.027299999999999991e-01 3.257999999999999785e-02
3.951729999999999965e+00 2.964600000000000013e-01 3.159000000000000002e-02
3.952399999999999913e+00 3.063199999999999812e-01 3.271999999999999909e-02
3.953069999999999862e+00 3.627000000000000224e-01 3.144999999999999879e-02
3.953739999999999810e+00 2.721000000000000085e-01 3.155999999999999778e-02
3.954410000000000203e+00 2.746299999999999852e-01 3.125000000000000000e-02
3.955080000000000151e+00 2.637700000000000045e-01 3.003000000000000114e-02
3.955750000000000099e+00 3.168699999999999850e-01 3.232999999999999763e-02
3.956420000000000048e+00 2.456399999999999972e-01 3.094999999999999835e-02
3.957089999999999996e+00 3.266899999999999804e-01 3.266000000000000153e-02
3.957759999999999945e+00 2.722999999999999865e-01 3.053000000000000158e-02
3.958429999999999893e+00 2.859300000000000175e-01 3.228999999999999926e-02
3.959099999999999842e+00 3.245299999999999851e-01 3.268000000000000071e-02
3.959769999999999790e+00 3.276399999999999868e-01 3.321999999999999953e-02
3.960440000000000182e+00 2.292800000000000116e-01 3.205999999999999822e-02
3.961110000000000131e+00 3.202400000000000246e-01 3.198000000000000148e-02
3.961780000000000079e+00 3.065300000000000247e-01 3.205999999999999822e-02
3.962450000000000028e+00 3.070599999999999996e-01 3.141999999999999654e-02
3.963119999999999976e+00 2.827999999999999958e-01 3.141000000000000042e-02
3.963789999999999925e+00 3.017099999999999782e-01 3.253000000000000336e-02
3.964459999999999873e+00 2.530800000000000272e-01 3.153999999999999859e-02
3.965129999999999821e+00 2.731600000000000139e-01 3.268000000000000071e-02
3.965800000000000214e+00 2.655500000000000083e-01 3.100999999999999937e-02
3.966470000000000162e+00 3.061099999999999932e-01 3.180000000000000188e-02
3.967140000000000111e+00 2.714599999999999791e-01 3.111999999999999836e-02
3.967810000000000059e+00 2.662900000000000267e-01 3.198000000000000148e-02
3.968480000000000008e+00 3.438300000000000245e-01 3.205999999999999822e-02
3.969160000000000021e+00 3.079799999999999760e-01 3.228000000000000314e-02
3.969819999999999904e+00 2.870599999999999818e-01 3.244999999999999968e-02
3.970489999999999853e+00 2.581499999999999906e-01 3.198000000000000148e-02
3.971159999999999801e+00 3.016099999999999892e-01 3.122000000000000122e-02
3.971830000000000194e+00 3.501299999999999968e-01 3.218000000000000027e-02
3.972500000000000142e+00 3.143000000000000238e-01 3.277000000000000052e-02
3.973180000000000156e+00 2.813999999999999835e-01 3.339999999999999913e-02
3.973840000000000039e+00 2.711200000000000276e-01 3.093999999999999875e-02
3.974509999999999987e+00 2.579799999999999871e-01 3.268999999999999684e-02
3.975190000000000001e+00 2.851299999999999946e-01 3.117999999999999938e-02
3.975859999999999950e+00 2.816199999999999815e-01 3.291000000000000175e-02
3.976529999999999898e+00 3.235600000000000143e-01 3.167999999999999983e-02
3.977199999999999847e+00 2.652800000000000158e-01 3.228000000000000314e-02
3.977869999999999795e+00 3.253900000000000126e-01 3.422000000000000042e-02
3.978530000000000122e+00 2.525700000000000167e-01 3.264000000000000234e-02
3.979210000000000136e+00 3.359099999999999864e-01 3.275000000000000133e-02
3.979880000000000084e+00 3.183199999999999918e-01 3.320000000000000034e-02
3.980550000000000033e+00 3.666099999999999914e-01 3.102999999999999856e-02
3.981209999999999916e+00 3.005099999999999993e-01 3.167999999999999983e-02
3.981889999999999930e+00 2.858399999999999830e-01 3.257999999999999785e-02
3.982559999999999878e+00 2.802000000000000046e-01 3.409999999999999837e-02
3.983229999999999826e+00 3.483200000000000185e-01 3.438000000000000084e-02
3.983900000000000219e+00 2.859099999999999975e-01 3.311999999999999666e-02
3.984560000000000102e+00 2.747899999999999787e-01 3.343999999999999750e-02
3.985240000000000116e+00 3.465900000000000092e-01 3.343999999999999750e-02
3.985910000000000064e+00 3.761999999999999789e-01 3.479000000000000148e-02
3.986580000000000013e+00 2.584099999999999731e-01 3.348000000000000281e-02
3.987249999999999961e+00 3.290000000000000147e-01 3.302999999999999686e-02
3.987919999999999909e+00 2.930300000000000127e-01 3.336000000000000076e-02
3.988579999999999792e+00 2.907100000000000239e-01 3.307999999999999829e-02
3.989259999999999806e+00 2.555000000000000049e-01 3.173000000000000126e-02
3.989930000000000199e+00 3.329400000000000137e-01 3.506000000000000089e-02
3.990600000000000147e+00 3.353400000000000269e-01 3.336000000000000076e-02
3.991270000000000095e+00 2.846699999999999786e-01 3.506999999999999701e-02
3.991940000000000044e+00 2.552499999999999769e-01 3.391000000000000264e-02
3.992599999999999927e+00 2.701799999999999757e-01 3.144000000000000267e-02
3.993279999999999941e+00 2.331300000000000039e-01 3.257000000000000173e-02
3.993949999999999889e+00 3.039799999999999724e-01 3.221999999999999864e-02
3.994619999999999838e+00 3.068400000000000016e-01 3.194000000000000311e-02
3.995280000000000165e+00 2.684199999999999919e-01 3.321000000000000341e-02
3.995960000000000178e+00 2.449800000000000033e-01 3.198999999999999760e-02
3.996620000000000061e+00 3.177400000000000224e-01 3.307999999999999829e-02
3.997290000000000010e+00 3.181599999999999984e-01 3.218000000000000027e-02
3.997959999999999958e+00 3.178799999999999959e-01 3.228000000000000314e-02
3.998639999999999972e+00 3.291999999999999926e-01 3.082000000000000017e-02
3.999309999999999921e+00 2.980099999999999971e-01 3.282000000000000195e-02
3.999979999999999869e+00 2.954899999999999749e-01 3.189000000000000168e-02
4.000639999999999752e+00 3.047199999999999909e-01 3.182999999999999718e-02
4.001319999999999766e+00 2.811600000000000210e-01 3.307999999999999829e-02
4.001979999999999649e+00 3.327600000000000002e-01 3.234999999999999681e-02
4.002650000000000041e+00 3.044700000000000184e-01 3.320000000000000034e-02
4.003320000000000434e+00 2.533299999999999996e-01 3.207000000000000128e-02
4.003989999999999938e+00 3.138799999999999923e-01 3.071000000000000119e-02
4.004669999999999952e+00 3.059100000000000152e-01 3.391000000000000264e-02
4.005329999999999835e+00 2.738900000000000223e-01 3.291000000000000175e-02
4.006000000000000227e+00 2.820500000000000229e-01 3.320000000000000034e-02
4.006669999999999732e+00 2.907600000000000184e-01 3.339999999999999913e-02
4.007340000000000124e+00 3.275000000000000133e-01 3.395999999999999713e-02
4.008009999999999629e+00 3.231499999999999928e-01 3.198999999999999760e-02
4.008680000000000021e+00 2.772299999999999764e-01 3.187000000000000249e-02
4.009350000000000414e+00 3.087400000000000144e-01 3.380999999999999978e-02
4.010019999999999918e+00 3.437700000000000200e-01 3.314000000000000279e-02
4.010690000000000310e+00 2.766000000000000125e-01 3.108999999999999958e-02
4.011359999999999815e+00 2.405799999999999883e-01 3.246999999999999886e-02
4.012030000000000207e+00 2.248499999999999943e-01 3.122000000000000122e-02
4.012699999999999712e+00 3.120600000000000041e-01 3.219000000000000333e-02
4.013370000000000104e+00 3.854799999999999893e-01 3.422000000000000042e-02
4.014039999999999608e+00 2.919300000000000228e-01 3.273000000000000215e-02
4.014710000000000001e+00 2.690299999999999914e-01 3.318000000000000116e-02
4.015380000000000393e+00 3.140600000000000058e-01 3.282999999999999807e-02
4.016049999999999898e+00 3.325899999999999967e-01 3.422999999999999654e-02
4.016720000000000290e+00 2.671999999999999931e-01 3.257999999999999785e-02
4.017389999999999795e+00 3.132099999999999884e-01 3.493000000000000271e-02
4.018060000000000187e+00 3.015200000000000102e-01 3.321999999999999953e-02
4.018729999999999691e+00 3.421500000000000097e-01 3.325000000000000178e-02
4.019400000000000084e+00 3.013100000000000223e-01 3.418999999999999817e-02
4.020069999999999588e+00 2.459800000000000042e-01 3.253000000000000336e-02
4.020739999999999981e+00 2.612400000000000277e-01 3.178000000000000269e-02
4.021410000000000373e+00 3.223500000000000254e-01 3.157000000000000084e-02
4.022079999999999878e+00 2.574400000000000022e-01 3.205000000000000210e-02
4.022739999999999760e+00 3.031599999999999850e-01 3.296000000000000318e-02
4.023419999999999774e+00 2.490400000000000114e-01 3.298999999999999849e-02
4.024079999999999657e+00 2.972500000000000142e-01 3.363000000000000017e-02
4.024759999999999671e+00 3.807300000000000129e-01 3.325000000000000178e-02
4.025420000000000442e+00 3.357399999999999829e-01 3.277000000000000052e-02
4.026089999999999947e+00 3.096900000000000208e-01 3.379999999999999671e-02
4.026760000000000339e+00 2.708099999999999952e-01 3.311000000000000054e-02
4.027429999999999843e+00 2.511700000000000044e-01 3.373999999999999916e-02
4.028100000000000236e+00 3.310299999999999909e-01 3.167999999999999983e-02
4.028769999999999740e+00 2.418800000000000117e-01 3.332000000000000239e-02
4.029440000000000133e+00 3.280399999999999983e-01 3.214999999999999802e-02
4.030109999999999637e+00 2.583799999999999986e-01 3.298999999999999849e-02
4.030780000000000030e+00 2.806199999999999806e-01 3.470000000000000168e-02
4.031450000000000422e+00 2.845300000000000051e-01 3.296999999999999931e-02
4.032119999999999926e+00 3.297499999999999876e-01 3.327000000000000096e-02
4.032790000000000319e+00 3.026499999999999746e-01 3.282999999999999807e-02
4.033459999999999823e+00 3.111099999999999977e-01 3.379000000000000059e-02
4.034130000000000216e+00 3.500900000000000123e-01 3.443000000000000227e-02
4.034799999999999720e+00 2.857799999999999785e-01 3.234000000000000069e-02
4.035470000000000113e+00 2.979899999999999771e-01 3.321999999999999953e-02
4.036139999999999617e+00 2.819200000000000039e-01 3.302000000000000074e-02
4.036810000000000009e+00 2.974600000000000022e-01 3.475000000000000311e-02
4.037480000000000402e+00 2.764300000000000090e-01 3.291999999999999788e-02
4.038140000000000285e+00 3.184000000000000163e-01 3.364999999999999936e-02
4.038809999999999789e+00 3.409900000000000153e-01 3.459000000000000269e-02
4.039480000000000182e+00 3.631199999999999983e-01 3.436000000000000165e-02
4.040149999999999686e+00 2.948100000000000165e-01 3.314999999999999891e-02
4.040820000000000078e+00 2.749099999999999877e-01 3.420999999999999736e-02
4.041489999999999583e+00 2.278600000000000070e-01 3.398000000000000326e-02
4.042159999999999975e+00 3.337300000000000266e-01 3.422999999999999654e-02
4.042830000000000368e+00 3.335099999999999731e-01 3.450000000000000289e-02
4.043499999999999872e+00 2.094300000000000050e-01 3.386999999999999733e-02
4.044170000000000265e+00 2.200600000000000056e-01 3.500999999999999945e-02
4.044839999999999769e+00 2.565700000000000203e-01 3.595000000000000279e-02
4.045510000000000161e+00 2.568400000000000127e-01 3.404999999999999694e-02
4.046179999999999666e+00 3.093099999999999739e-01 3.391999999999999876e-02
4.046850000000000058e+00 2.536200000000000121e-01 3.368999999999999773e-02
4.047519999999999563e+00 3.600300000000000167e-01 3.357999999999999874e-02
4.048189999999999955e+00 3.002299999999999969e-01 3.259999999999999704e-02
4.048849999999999838e+00 2.391399999999999915e-01 3.128000000000000225e-02
4.049520000000000231e+00 2.841600000000000237e-01 3.445000000000000145e-02
4.050189999999999735e+00 3.007600000000000273e-01 3.448999999999999982e-02
4.050860000000000127e+00 2.166099999999999970e-01 3.468999999999999861e-02
4.051529999999999632e+00 2.993100000000000205e-01 3.400999999999999857e-02
4.052200000000000024e+00 2.875800000000000023e-01 3.402999999999999775e-02
4.052870000000000417e+00 2.918399999999999883e-01 3.382000000000000284e-02
4.053539999999999921e+00 2.548599999999999755e-01 3.370000000000000079e-02
4.054210000000000313e+00 2.271299999999999986e-01 3.248999999999999805e-02
4.054879999999999818e+00 2.776299999999999879e-01 3.309000000000000136e-02
4.055550000000000210e+00 3.252900000000000236e-01 3.440000000000000002e-02
4.056219999999999715e+00 2.931799999999999962e-01 3.404000000000000081e-02
4.056890000000000107e+00 3.129299999999999859e-01 3.363000000000000017e-02
4.057559999999999611e+00 3.377600000000000047e-01 3.452000000000000207e-02
4.058230000000000004e+00 3.271100000000000119e-01 3.379000000000000059e-02
4.058889999999999887e+00 2.042499999999999871e-01 3.080000000000000099e-02
4.059560000000000279e+00 3.006499999999999728e-01 3.434000000000000247e-02
4.060240000000000293e+00 3.471699999999999786e-01 3.738999999999999962e-02
4.060900000000000176e+00 3.271000000000000019e-01 3.479000000000000148e-02
4.061569999999999681e+00 2.936400000000000121e-01 3.527999999999999886e-02
4.062240000000000073e+00 2.583199999999999941e-01 3.355999999999999955e-02
4.062909999999999577e+00 2.850400000000000156e-01 3.497999999999999721e-02
4.063579999999999970e+00 2.572900000000000187e-01 3.375000000000000222e-02
4.064250000000000362e+00 2.404499999999999971e-01 3.491999999999999965e-02
4.064919999999999867e+00 3.027900000000000036e-01 3.386999999999999733e-02
4.065590000000000259e+00 2.803100000000000036e-01 3.097000000000000100e-02
4.066250000000000142e+00 3.047199999999999909e-01 3.280000000000000276e-02
4.066930000000000156e+00 3.189799999999999858e-01 3.391000000000000264e-02
4.067599999999999660e+00 2.588500000000000245e-01 3.465000000000000024e-02
4.068929999999999936e+00 2.820799999999999974e-01 3.441000000000000308e-02
4.069600000000000328e+00 2.307099999999999984e-01 3.511999999999999844e-02
4.070269999999999833e+00 3.447399999999999909e-01 3.414999999999999980e-02
4.070940000000000225e+00 3.431699999999999751e-01 3.452000000000000207e-02
4.071609999999999729e+00 2.506300000000000194e-01 3.309999999999999748e-02
4.072280000000000122e+00 3.306399999999999895e-01 3.586999999999999911e-02
4.072949999999999626e+00 2.928799999999999737e-01 3.379999999999999671e-02
4.073610000000000397e+00 2.884900000000000242e-01 3.518000000000000294e-02
4.074279999999999902e+00 3.150700000000000167e-01 3.665999999999999814e-02
4.074950000000000294e+00 2.787700000000000178e-01 3.592999999999999666e-02
4.075619999999999798e+00 3.597000000000000197e-01 3.495999999999999802e-02
4.076290000000000191e+00 3.060899999999999732e-01 3.497000000000000108e-02
4.076959999999999695e+00 3.019800000000000262e-01 3.436999999999999778e-02
4.077630000000000088e+00 2.965200000000000058e-01 3.336000000000000076e-02
4.078299999999999592e+00 2.756899999999999906e-01 3.511999999999999844e-02
4.078969999999999985e+00 2.908399999999999874e-01 3.520000000000000212e-02
4.079640000000000377e+00 3.090800000000000214e-01 3.491999999999999965e-02
4.080309999999999881e+00 2.638800000000000034e-01 3.341000000000000220e-02
4.080969999999999764e+00 2.758300000000000196e-01 3.477999999999999842e-02
4.081649999999999778e+00 2.745699999999999807e-01 3.470999999999999780e-02
4.082309999999999661e+00 2.712300000000000266e-01 3.418000000000000205e-02
4.082980000000000054e+00 3.064700000000000202e-01 3.669000000000000039e-02
4.083649999999999558e+00 2.088299999999999879e-01 3.717000000000000165e-02
4.084319999999999951e+00 2.715899999999999981e-01 3.468999999999999861e-02
4.084990000000000343e+00 3.239500000000000157e-01 3.586999999999999911e-02
4.085659999999999847e+00 3.225999999999999979e-01 3.674000000000000182e-02
4.086330000000000240e+00 2.251499999999999890e-01 3.441999999999999921e-02
4.086999999999999744e+00 2.688999999999999724e-01 3.459000000000000269e-02
4.087659999999999627e+00 2.955200000000000049e-01 3.651000000000000079e-02
4.088330000000000020e+00 3.104600000000000137e-01 3.577999999999999931e-02
4.089000000000000412e+00 2.945499999999999785e-01 3.592000000000000054e-02
4.089669999999999916e+00 3.192800000000000082e-01 3.556999999999999745e-02
4.090340000000000309e+00 2.693999999999999728e-01 3.275000000000000133e-02
4.091009999999999813e+00 3.463600000000000012e-01 3.556999999999999745e-02
4.091680000000000206e+00 3.231600000000000028e-01 3.441000000000000308e-02
4.092349999999999710e+00 3.212099999999999955e-01 3.429999999999999716e-02
4.093020000000000103e+00 2.363500000000000045e-01 3.495000000000000190e-02
4.093679999999999986e+00 2.528900000000000037e-01 3.568999999999999950e-02
4.094350000000000378e+00 2.975099999999999967e-01 3.654999999999999916e-02
4.095019999999999882e+00 2.956699999999999884e-01 3.613999999999999851e-02
4.095690000000000275e+00 2.307400000000000007e-01 3.434999999999999859e-02
4.096359999999999779e+00 2.712899999999999756e-01 3.468000000000000249e-02
4.097030000000000172e+00 2.431599999999999873e-01 3.423999999999999960e-02
4.097699999999999676e+00 2.833600000000000008e-01 3.370999999999999691e-02
4.098370000000000068e+00 2.792499999999999982e-01 3.490000000000000047e-02
4.099039999999999573e+00 3.154299999999999882e-01 3.484000000000000291e-02
4.099700000000000344e+00 3.170999999999999930e-01 3.466999999999999943e-02
4.100369999999999848e+00 3.089000000000000079e-01 3.479999999999999760e-02
4.101040000000000241e+00 2.718499999999999805e-01 3.409999999999999837e-02
4.101709999999999745e+00 2.148799999999999877e-01 3.409999999999999837e-02
4.102380000000000138e+00 2.995900000000000230e-01 3.577000000000000318e-02
4.103049999999999642e+00 2.223100000000000076e-01 3.389999999999999958e-02
4.103720000000000034e+00 2.891799999999999926e-01 3.518000000000000294e-02
4.104379999999999917e+00 2.944800000000000195e-01 3.456999999999999656e-02
4.105050000000000310e+00 2.610600000000000143e-01 3.584999999999999992e-02
4.105719999999999814e+00 2.878600000000000048e-01 3.461999999999999800e-02
4.106390000000000207e+00 3.032400000000000095e-01 3.332999999999999852e-02
4.107059999999999711e+00 3.143799999999999928e-01 3.312999999999999973e-02
4.107730000000000103e+00 2.777200000000000224e-01 3.368000000000000160e-02
4.108399999999999608e+00 2.886699999999999822e-01 3.534000000000000336e-02
4.109070000000000000e+00 3.415000000000000258e-01 4.010999999999999982e-02
4.109729999999999883e+00 2.632700000000000040e-01 3.572999999999999787e-02
4.110400000000000276e+00 2.413200000000000067e-01 3.493000000000000271e-02
4.111069999999999780e+00 2.896400000000000086e-01 3.674999999999999795e-02
4.111740000000000173e+00 3.272599999999999953e-01 3.420000000000000123e-02
4.112409999999999677e+00 3.101200000000000068e-01 3.608999999999999708e-02
4.113080000000000069e+00 2.299200000000000133e-01 3.531000000000000111e-02
4.113749999999999574e+00 2.961199999999999943e-01 3.407000000000000306e-02
4.114419999999999966e+00 3.290500000000000091e-01 3.438999999999999696e-02
4.115079999999999849e+00 2.805199999999999916e-01 3.529999999999999805e-02
4.115750000000000242e+00 2.957799999999999874e-01 3.450999999999999901e-02
4.116419999999999746e+00 2.943200000000000260e-01 3.568000000000000338e-02
4.117090000000000138e+00 3.175000000000000044e-01 3.493000000000000271e-02
4.117759999999999643e+00 2.649299999999999988e-01 3.259999999999999704e-02
4.118430000000000035e+00 3.121499999999999830e-01 3.438999999999999696e-02
4.119089999999999918e+00 3.449499999999999789e-01 3.515999999999999681e-02
4.119760000000000311e+00 2.781399999999999983e-01 3.502000000000000252e-02
4.120429999999999815e+00 3.223300000000000054e-01 3.701999999999999735e-02
4.121100000000000207e+00 3.020700000000000052e-01 3.554000000000000214e-02
4.121769999999999712e+00 2.882399999999999962e-01 3.692999999999999755e-02
4.122440000000000104e+00 3.040300000000000225e-01 3.758000000000000229e-02
4.123109999999999609e+00 3.159600000000000186e-01 3.633000000000000118e-02
4.123780000000000001e+00 2.847600000000000131e-01 3.534999999999999948e-02
4.124450000000000394e+00 2.423800000000000121e-01 3.513999999999999763e-02
4.125110000000000277e+00 3.148799999999999932e-01 3.618999999999999995e-02
4.125779999999999781e+00 3.213699999999999890e-01 3.567000000000000032e-02
4.126450000000000173e+00 2.665299999999999891e-01 3.456000000000000044e-02
4.127119999999999678e+00 3.104000000000000092e-01 3.533000000000000029e-02
4.127790000000000070e+00 2.475700000000000123e-01 3.729999999999999982e-02
4.128459999999999575e+00 2.386800000000000033e-01 3.620999999999999913e-02
4.129120000000000346e+00 2.785299999999999998e-01 3.715000000000000246e-02
4.129789999999999850e+00 2.963799999999999768e-01 3.509999999999999926e-02
4.130460000000000242e+00 2.913000000000000034e-01 3.701000000000000123e-02
4.131129999999999747e+00 3.015900000000000247e-01 3.688999999999999918e-02
4.131800000000000139e+00 3.293200000000000016e-01 3.667999999999999733e-02
4.132460000000000022e+00 3.184100000000000263e-01 3.499000000000000027e-02
4.133130000000000415e+00 3.501199999999999868e-01 3.656000000000000222e-02
4.133799999999999919e+00 2.377700000000000091e-01 3.717000000000000165e-02
4.134470000000000312e+00 2.787100000000000133e-01 3.597000000000000197e-02
4.135139999999999816e+00 2.712899999999999756e-01 3.570999999999999869e-02
4.135810000000000208e+00 2.879999999999999782e-01 3.583999999999999686e-02
4.136470000000000091e+00 2.236200000000000132e-01 3.611000000000000321e-02
4.137139999999999596e+00 3.049399999999999888e-01 3.658999999999999753e-02
4.137809999999999988e+00 3.234899999999999998e-01 3.633999999999999730e-02
4.138480000000000381e+00 2.816600000000000215e-01 3.592000000000000054e-02
4.139149999999999885e+00 3.104899999999999882e-01 3.654000000000000303e-02
4.139820000000000277e+00 3.011099999999999888e-01 3.792000000000000232e-02
4.140480000000000160e+00 3.657000000000000250e-01 3.622000000000000219e-02
4.141160000000000174e+00 2.837100000000000177e-01 3.581000000000000155e-02
4.141820000000000057e+00 2.788900000000000268e-01 3.509999999999999926e-02
4.142489999999999561e+00 2.982899999999999996e-01 3.676000000000000101e-02
4.143159999999999954e+00 2.983600000000000141e-01 3.576000000000000012e-02
4.143830000000000346e+00 2.888299999999999756e-01 3.742000000000000187e-02
4.144499999999999851e+00 2.579299999999999926e-01 3.518000000000000294e-02
4.145159999999999734e+00 2.800400000000000111e-01 3.448999999999999982e-02
4.145830000000000126e+00 3.009000000000000008e-01 3.558000000000000052e-02
4.146499999999999631e+00 3.452500000000000013e-01 3.670999999999999958e-02
4.147170000000000023e+00 2.957000000000000184e-01 3.699000000000000205e-02
4.147840000000000416e+00 2.969800000000000217e-01 3.645000000000000323e-02
4.148509999999999920e+00 2.570799999999999752e-01 3.506999999999999701e-02
4.149169999999999803e+00 3.250899999999999901e-01 3.667999999999999733e-02
4.149840000000000195e+00 2.838200000000000167e-01 3.688000000000000306e-02
4.150509999999999700e+00 2.934800000000000186e-01 3.629999999999999893e-02
4.151180000000000092e+00 3.231999999999999873e-01 3.626999999999999669e-02
4.151849999999999596e+00 3.213199999999999945e-01 3.626000000000000056e-02
4.152510000000000367e+00 3.252099999999999991e-01 3.647999999999999854e-02
4.153179999999999872e+00 3.190799999999999748e-01 3.583999999999999686e-02
4.153850000000000264e+00 3.049399999999999888e-01 3.629000000000000281e-02
4.154519999999999769e+00 2.874599999999999933e-01 3.470000000000000168e-02
4.155190000000000161e+00 2.762600000000000056e-01 3.597999999999999809e-02
4.155850000000000044e+00 2.908499999999999974e-01 3.597000000000000197e-02
4.156520000000000437e+00 2.635100000000000220e-01 3.568000000000000338e-02
4.157189999999999941e+00 3.270799999999999819e-01 3.561000000000000276e-02
4.157860000000000333e+00 3.364599999999999813e-01 3.588000000000000217e-02
4.158529999999999838e+00 2.356100000000000139e-01 3.724999999999999839e-02
4.159200000000000230e+00 3.544599999999999973e-01 3.799999999999999906e-02
4.159869999999999735e+00 2.690500000000000114e-01 3.547999999999999765e-02
4.160529999999999617e+00 2.837999999999999967e-01 3.806999999999999967e-02
4.161200000000000010e+00 3.264799999999999924e-01 3.629999999999999893e-02
4.161870000000000402e+00 2.752100000000000102e-01 3.708000000000000185e-02
4.162539999999999907e+00 2.883399999999999852e-01 3.633000000000000118e-02
4.163210000000000299e+00 3.316500000000000004e-01 3.753000000000000086e-02
4.163870000000000182e+00 2.107700000000000129e-01 3.391999999999999876e-02
4.164539999999999687e+00 3.359099999999999864e-01 3.640000000000000180e-02
4.165210000000000079e+00 3.396100000000000230e-01 3.753999999999999698e-02
4.165879999999999583e+00 2.618800000000000017e-01 3.667999999999999733e-02
4.166549999999999976e+00 3.645599999999999952e-01 3.755000000000000004e-02
4.167209999999999859e+00 3.229400000000000048e-01 3.865999999999999992e-02
4.167880000000000251e+00 3.442999999999999949e-01 3.703000000000000042e-02
4.168549999999999756e+00 3.001499999999999724e-01 3.611999999999999933e-02
4.169220000000000148e+00 3.314400000000000124e-01 3.767000000000000209e-02
4.169889999999999652e+00 3.187499999999999778e-01 3.840999999999999970e-02
4.170550000000000423e+00 3.210899999999999865e-01 3.681999999999999856e-02
4.171219999999999928e+00 2.545700000000000185e-01 3.796000000000000069e-02
4.171890000000000320e+00 3.070899999999999741e-01 3.769999999999999740e-02
4.172559999999999825e+00 3.225600000000000134e-01 3.681999999999999856e-02
4.173219999999999708e+00 3.262300000000000200e-01 3.660999999999999671e-02
4.173890000000000100e+00 3.470500000000000251e-01 3.645000000000000323e-02
4.174559999999999604e+00 3.167499999999999760e-01 3.618999999999999995e-02
4.175229999999999997e+00 3.528999999999999915e-01 3.976999999999999980e-02
4.175889999999999880e+00 2.786799999999999833e-01 3.626000000000000056e-02
4.176569999999999894e+00 2.530499999999999972e-01 3.690000000000000224e-02
4.177229999999999777e+00 2.497999999999999943e-01 3.620000000000000301e-02
4.177900000000000169e+00 2.975900000000000212e-01 3.719000000000000083e-02
4.178569999999999673e+00 2.722999999999999865e-01 3.588000000000000217e-02
4.179240000000000066e+00 3.374500000000000277e-01 3.831999999999999990e-02
4.179899999999999949e+00 2.796100000000000252e-01 3.610000000000000014e-02
4.180570000000000341e+00 2.890300000000000091e-01 3.678000000000000019e-02
4.181239999999999846e+00 2.693900000000000183e-01 3.688999999999999918e-02
4.181910000000000238e+00 2.680100000000000260e-01 3.631000000000000200e-02
4.182579999999999742e+00 3.079799999999999760e-01 3.787000000000000088e-02
4.183239999999999625e+00 2.751299999999999857e-01 3.776999999999999802e-02
4.183910000000000018e+00 3.172699999999999965e-01 3.785999999999999782e-02
4.184580000000000410e+00 2.877500000000000058e-01 3.797999999999999987e-02
4.185249999999999915e+00 2.719500000000000250e-01 3.515000000000000069e-02
4.185920000000000307e+00 3.755299999999999749e-01 3.781999999999999945e-02
4.186580000000000190e+00 2.056900000000000117e-01 3.497999999999999721e-02
4.187249999999999694e+00 2.894599999999999951e-01 3.740999999999999881e-02
4.187920000000000087e+00 2.565500000000000003e-01 3.737000000000000044e-02
4.188589999999999591e+00 3.439499999999999780e-01 3.785999999999999782e-02
4.189259999999999984e+00 3.381500000000000061e-01 3.563000000000000195e-02
4.189919999999999867e+00 2.721199999999999730e-01 3.708999999999999797e-02
4.190590000000000259e+00 2.631299999999999750e-01 3.774999999999999883e-02
4.191259999999999764e+00 3.696300000000000141e-01 3.803999999999999743e-02
4.191930000000000156e+00 3.206800000000000206e-01 3.817999999999999866e-02
4.192599999999999660e+00 3.342999999999999861e-01 3.121000000000000163e-02
4.193260000000000431e+00 2.832700000000000218e-01 3.801999999999999824e-02
4.193929999999999936e+00 2.168899999999999995e-01 3.611999999999999933e-02
4.194600000000000328e+00 2.732700000000000129e-01 3.751999999999999780e-02
4.195260000000000211e+00 3.135899999999999799e-01 3.717999999999999777e-02
4.195929999999999715e+00 2.394100000000000117e-01 3.642999999999999711e-02
4.196600000000000108e+00 2.846899999999999986e-01 3.728999999999999676e-02
4.197269999999999612e+00 3.895399999999999974e-01 3.916000000000000036e-02
4.197940000000000005e+00 3.169899999999999940e-01 3.860000000000000236e-02
4.198599999999999888e+00 3.771800000000000153e-01 3.742000000000000187e-02
4.199270000000000280e+00 3.020599999999999952e-01 3.676999999999999713e-02
4.199939999999999785e+00 3.124799999999999800e-01 3.803000000000000130e-02
4.200610000000000177e+00 2.866799999999999904e-01 3.660999999999999671e-02
4.201270000000000060e+00 2.998100000000000209e-01 3.477000000000000229e-02
4.201939999999999564e+00 2.936799999999999966e-01 3.547999999999999765e-02
4.202609999999999957e+00 3.149600000000000177e-01 3.805000000000000049e-02
4.203280000000000349e+00 3.272499999999999853e-01 4.032999999999999780e-02
4.203940000000000232e+00 2.899900000000000255e-01 3.942999999999999977e-02
4.204609999999999737e+00 3.258800000000000030e-01 3.960000000000000325e-02
4.205300000000000260e+00 3.210399999999999920e-01 3.724000000000000227e-02
4.205949999999999633e+00 3.077199999999999935e-01 3.894000000000000239e-02
4.206610000000000404e+00 2.802499999999999991e-01 3.724000000000000227e-02
4.207279999999999909e+00 2.990999999999999770e-01 3.753999999999999698e-02
4.207950000000000301e+00 2.832899999999999863e-01 3.606000000000000177e-02
4.208619999999999806e+00 3.089100000000000179e-01 3.860999999999999849e-02
4.209279999999999688e+00 3.184899999999999953e-01 3.840999999999999970e-02
4.209950000000000081e+00 2.783700000000000063e-01 3.971000000000000224e-02
4.210619999999999585e+00 3.112199999999999966e-01 3.747999999999999943e-02
4.211289999999999978e+00 3.589999999999999858e-01 3.640000000000000180e-02
4.211960000000000370e+00 3.014100000000000112e-01 3.751999999999999780e-02
4.212620000000000253e+00 2.557599999999999874e-01 3.819000000000000172e-02
4.213289999999999758e+00 3.462600000000000122e-01 4.138000000000000012e-02
4.213960000000000150e+00 2.503900000000000015e-01 4.012000000000000288e-02
4.214620000000000033e+00 3.887399999999999745e-01 3.549000000000000071e-02
4.215290000000000425e+00 3.356799999999999784e-01 3.842000000000000276e-02
4.215959999999999930e+00 2.899700000000000055e-01 3.615000000000000158e-02
4.216630000000000322e+00 2.121200000000000030e-01 3.733000000000000207e-02
4.217299999999999827e+00 3.134299999999999864e-01 3.744999999999999718e-02
4.217970000000000219e+00 2.753499999999999837e-01 3.468999999999999861e-02
4.218630000000000102e+00 2.257800000000000085e-01 3.592999999999999666e-02
4.219299999999999606e+00 3.110200000000000187e-01 3.803000000000000130e-02
4.219969999999999999e+00 2.650000000000000133e-01 3.869000000000000217e-02
4.220629999999999882e+00 2.717800000000000216e-01 3.670999999999999958e-02
4.221300000000000274e+00 2.985999999999999766e-01 3.846000000000000113e-02
4.221969999999999779e+00 2.903700000000000170e-01 3.878999999999999809e-02
4.222629999999999661e+00 3.394599999999999840e-01 3.828000000000000153e-02
4.223300000000000054e+00 3.003700000000000259e-01 3.874999999999999972e-02
4.223969999999999558e+00 2.854900000000000215e-01 3.710000000000000103e-02
4.224639999999999951e+00 2.272099999999999953e-01 3.688000000000000306e-02
4.225310000000000343e+00 2.806000000000000161e-01 3.790000000000000313e-02
4.225970000000000226e+00 2.893200000000000216e-01 3.781000000000000333e-02
4.226639999999999731e+00 2.598599999999999799e-01 3.851000000000000256e-02
4.227310000000000123e+00 2.827999999999999958e-01 3.767999999999999822e-02
4.227979999999999627e+00 2.730799999999999894e-01 3.765000000000000291e-02
4.228640000000000398e+00 2.896900000000000031e-01 3.796999999999999681e-02
4.229309999999999903e+00 3.043100000000000249e-01 3.883000000000000340e-02
4.229969999999999786e+00 2.836000000000000187e-01 3.758000000000000229e-02
4.230640000000000178e+00 2.811400000000000010e-01 3.873000000000000054e-02
4.231309999999999683e+00 3.019000000000000017e-01 3.701000000000000123e-02
4.231980000000000075e+00 3.489700000000000024e-01 3.703999999999999654e-02
4.232639999999999958e+00 3.281600000000000072e-01 3.815999999999999948e-02
4.233310000000000350e+00 3.365299999999999958e-01 3.939999999999999752e-02
4.233979999999999855e+00 2.179300000000000126e-01 3.781000000000000333e-02
4.234639999999999738e+00 3.058500000000000107e-01 3.731000000000000288e-02
4.235310000000000130e+00 3.124399999999999955e-01 3.753999999999999698e-02
4.235979999999999634e+00 3.127699999999999925e-01 3.824000000000000316e-02
4.236650000000000027e+00 2.680699999999999750e-01 3.842000000000000276e-02
4.237320000000000420e+00 3.170100000000000140e-01 3.758000000000000229e-02
4.237980000000000302e+00 2.396199999999999997e-01 3.776000000000000190e-02
4.238649999999999807e+00 3.482000000000000095e-01 3.760000000000000148e-02
4.239320000000000199e+00 2.781600000000000183e-01 3.563000000000000195e-02
4.239989999999999704e+00 3.040100000000000025e-01 3.869000000000000217e-02
4.240649999999999586e+00 2.938700000000000201e-01 3.849000000000000338e-02
4.241310000000000358e+00 4.153899999999999815e-01 3.985999999999999960e-02
4.241990000000000371e+00 3.862900000000000222e-01 4.141000000000000236e-02
4.242650000000000254e+00 2.716700000000000226e-01 3.497000000000000108e-02
4.243319999999999759e+00 2.890300000000000091e-01 3.946999999999999814e-02
4.243990000000000151e+00 3.795600000000000085e-01 3.831999999999999990e-02
4.244659999999999656e+00 2.321499999999999952e-01 3.855999999999999706e-02
4.245320000000000427e+00 3.884000000000000230e-01 3.740000000000000269e-02
4.245989999999999931e+00 2.570500000000000007e-01 3.785999999999999782e-02
4.246660000000000323e+00 2.425599999999999978e-01 3.164999999999999758e-02
4.247320000000000206e+00 2.955900000000000194e-01 3.815999999999999948e-02
4.247989999999999711e+00 3.264299999999999979e-01 3.728999999999999676e-02
4.248660000000000103e+00 2.580299999999999816e-01 3.869999999999999829e-02
4.249319999999999986e+00 3.083099999999999730e-01 3.717999999999999777e-02
4.249990000000000379e+00 2.769800000000000040e-01 3.932000000000000078e-02
4.250659999999999883e+00 2.984399999999999831e-01 3.776000000000000190e-02
4.251330000000000275e+00 3.193099999999999827e-01 3.960000000000000325e-02
4.251990000000000158e+00 2.892600000000000171e-01 3.919000000000000261e-02
4.252659999999999663e+00 2.871799999999999908e-01 3.878000000000000197e-02
4.253330000000000055e+00 3.206300000000000261e-01 3.964999999999999775e-02
4.253989999999999938e+00 2.761500000000000066e-01 3.785000000000000170e-02
4.254660000000000331e+00 2.752800000000000247e-01 3.978999999999999898e-02
4.255329999999999835e+00 2.903399999999999870e-01 3.749000000000000249e-02
4.255989999999999718e+00 3.099000000000000088e-01 3.756999999999999923e-02
4.256660000000000110e+00 3.406699999999999728e-01 3.894000000000000239e-02
4.257329999999999615e+00 2.595199999999999729e-01 3.756999999999999923e-02
4.258000000000000007e+00 2.779499999999999749e-01 3.912000000000000199e-02
4.258670000000000400e+00 3.386799999999999811e-01 3.855999999999999706e-02
4.259330000000000283e+00 3.043299999999999894e-01 3.853000000000000175e-02
4.259999999999999787e+00 2.770500000000000185e-01 3.731999999999999901e-02
4.260659999999999670e+00 3.469599999999999906e-01 4.130000000000000338e-02
4.261330000000000062e+00 3.131800000000000139e-01 3.792000000000000232e-02
4.261999999999999567e+00 2.998100000000000209e-01 3.853999999999999787e-02
4.262660000000000338e+00 2.791899999999999937e-01 3.801999999999999824e-02
4.263329999999999842e+00 2.549600000000000199e-01 3.957999999999999713e-02
4.264000000000000234e+00 3.118299999999999961e-01 4.265000000000000041e-02
4.264669999999999739e+00 3.536699999999999844e-01 3.844000000000000195e-02
4.265329999999999622e+00 3.241499999999999937e-01 3.769999999999999740e-02
4.266000000000000014e+00 3.215199999999999725e-01 3.746000000000000024e-02
4.266670000000000407e+00 3.193900000000000072e-01 3.878000000000000197e-02
4.267330000000000290e+00 2.900300000000000100e-01 3.810999999999999804e-02
4.267999999999999794e+00 2.699199999999999933e-01 3.848000000000000032e-02
4.268670000000000186e+00 2.913399999999999879e-01 3.753000000000000086e-02
4.269330000000000069e+00 2.461500000000000077e-01 4.046000000000000291e-02
4.269999999999999574e+00 3.811399999999999788e-01 3.966999999999999693e-02
4.270669999999999966e+00 2.657100000000000017e-01 3.762000000000000066e-02
4.271329999999999849e+00 3.535499999999999754e-01 3.891000000000000014e-02
4.272000000000000242e+00 3.106800000000000117e-01 4.227999999999999814e-02
4.272669999999999746e+00 2.795099999999999807e-01 3.876000000000000278e-02
4.273340000000000138e+00 3.282900000000000262e-01 3.812000000000000111e-02
4.274000000000000021e+00 3.139500000000000068e-01 3.876999999999999891e-02
4.274670000000000414e+00 3.135600000000000054e-01 3.912000000000000199e-02
4.275330000000000297e+00 2.605700000000000238e-01 3.765000000000000291e-02
4.276010000000000311e+00 2.993000000000000105e-01 3.939999999999999752e-02
4.276670000000000194e+00 3.206399999999999806e-01 3.925000000000000017e-02
4.277339999999999698e+00 3.274199999999999888e-01 3.797999999999999987e-02
4.277999999999999581e+00 3.939699999999999869e-01 3.651999999999999691e-02
4.278669999999999973e+00 2.737299999999999733e-01 3.810999999999999804e-02
4.279340000000000366e+00 2.792200000000000237e-01 3.812999999999999723e-02
4.280000000000000249e+00 2.596399999999999819e-01 3.794000000000000150e-02
4.280669999999999753e+00 3.171499999999999875e-01 3.994999999999999940e-02
4.281340000000000146e+00 2.791899999999999937e-01 3.905000000000000138e-02
4.282000000000000028e+00 2.434000000000000052e-01 3.923999999999999710e-02
4.282670000000000421e+00 2.422700000000000131e-01 3.993000000000000022e-02
4.283339999999999925e+00 2.454300000000000093e-01 3.916000000000000036e-02
4.283999999999999808e+00 3.168400000000000105e-01 4.059000000000000108e-02
4.284670000000000201e+00 2.053200000000000025e-01 3.787000000000000088e-02
4.285339999999999705e+00 3.098600000000000243e-01 3.812000000000000111e-02
4.285999999999999588e+00 2.572300000000000142e-01 3.797999999999999987e-02
4.286669999999999980e+00 2.821199999999999819e-01 3.887999999999999790e-02
4.287340000000000373e+00 3.224000000000000199e-01 3.998000000000000165e-02
4.288000000000000256e+00 2.893000000000000016e-01 3.975000000000000061e-02
4.288669999999999760e+00 2.711399999999999921e-01 3.755000000000000004e-02
4.289340000000000153e+00 3.047699999999999854e-01 4.034000000000000086e-02
4.290000000000000036e+00 2.793700000000000072e-01 3.951999999999999957e-02
4.290670000000000428e+00 3.371700000000000252e-01 4.086000000000000049e-02
4.291339999999999932e+00 2.878700000000000148e-01 3.873999999999999666e-02
4.291999999999999815e+00 2.964399999999999813e-01 3.971000000000000224e-02
4.292670000000000208e+00 3.523299999999999765e-01 4.141999999999999849e-02
4.293330000000000091e+00 3.756099999999999994e-01 4.118999999999999745e-02
4.293999999999999595e+00 3.541500000000000203e-01 4.007000000000000145e-02
4.294669999999999987e+00 3.235000000000000098e-01 4.089000000000000273e-02
4.295329999999999870e+00 3.194100000000000272e-01 4.197000000000000036e-02
4.298000000000000043e+00 3.059399999999999897e-01 4.172000000000000014e-02
4.298670000000000435e+00 3.548000000000000043e-01 4.087999999999999967e-02
4.299339999999999939e+00 3.013299999999999867e-01 4.046000000000000291e-02
4.299999999999999822e+00 2.766700000000000270e-01 4.086999999999999661e-02
4.300670000000000215e+00 3.177400000000000224e-01 4.012000000000000288e-02
4.301339999999999719e+00 2.975999999999999757e-01 4.152999999999999747e-02
4.301999999999999602e+00 2.893899999999999806e-01 4.227000000000000202e-02
4.302669999999999995e+00 3.236200000000000188e-01 4.223999999999999977e-02
4.303329999999999878e+00 3.223500000000000254e-01 4.222999999999999671e-02
4.304000000000000270e+00 3.066800000000000082e-01 4.009999999999999676e-02
4.304669999999999774e+00 2.946599999999999775e-01 4.044999999999999984e-02
4.305329999999999657e+00 2.957000000000000184e-01 4.055000000000000271e-02
4.306000000000000050e+00 2.569799999999999862e-01 4.155999999999999972e-02
4.306659999999999933e+00 2.925400000000000222e-01 3.919999999999999873e-02
4.307330000000000325e+00 2.553699999999999859e-01 4.034000000000000086e-02
4.307999999999999829e+00 2.506800000000000139e-01 4.132999999999999868e-02
4.308659999999999712e+00 3.266399999999999859e-01 4.105000000000000315e-02
4.309330000000000105e+00 3.220999999999999974e-01 3.998000000000000165e-02
4.309999999999999609e+00 2.165199999999999902e-01 3.404999999999999694e-02
4.310660000000000380e+00 2.691500000000000004e-01 3.935999999999999915e-02
4.311329999999999885e+00 2.911599999999999744e-01 4.127999999999999725e-02
4.312000000000000277e+00 2.832700000000000218e-01 4.027000000000000024e-02
4.312660000000000160e+00 2.848999999999999866e-01 3.905999999999999750e-02
4.313329999999999664e+00 2.803200000000000136e-01 4.014999999999999819e-02
4.314000000000000057e+00 2.941400000000000126e-01 4.198999999999999955e-02
4.314659999999999940e+00 2.242099999999999926e-01 4.084000000000000130e-02
4.315319999999999823e+00 3.285500000000000087e-01 4.093000000000000110e-02
4.315990000000000215e+00 3.139600000000000168e-01 4.290000000000000063e-02
4.316659999999999719e+00 2.643400000000000194e-01 4.182999999999999913e-02
4.317330000000000112e+00 2.768599999999999950e-01 4.322000000000000147e-02
4.317989999999999995e+00 3.323999999999999733e-01 4.265999999999999653e-02
4.318660000000000387e+00 3.860600000000000143e-01 4.123000000000000276e-02
4.319329999999999892e+00 2.846899999999999986e-01 4.195999999999999730e-02
4.319989999999999775e+00 2.622599999999999931e-01 4.329000000000000209e-02
4.320660000000000167e+00 3.039200000000000235e-01 4.179000000000000076e-02
4.321320000000000050e+00 3.048899999999999944e-01 4.223999999999999977e-02
4.321990000000000443e+00 2.994800000000000240e-01 4.084000000000000130e-02
4.322659999999999947e+00 2.693800000000000083e-01 3.946000000000000202e-02
4.323319999999999830e+00 2.176800000000000124e-01 4.241999999999999937e-02
4.323990000000000222e+00 3.478100000000000080e-01 4.225999999999999895e-02
4.324659999999999727e+00 3.922499999999999876e-01 4.299000000000000044e-02
4.325319999999999609e+00 3.130200000000000204e-01 4.218999999999999834e-02
4.325990000000000002e+00 3.047500000000000209e-01 4.163000000000000034e-02
4.326649999999999885e+00 2.867500000000000049e-01 4.213999999999999690e-02
4.327320000000000277e+00 2.864700000000000024e-01 4.073999999999999844e-02
4.327989999999999782e+00 3.122099999999999875e-01 4.172000000000000014e-02
4.328649999999999665e+00 3.057400000000000118e-01 4.386999999999999927e-02
4.329320000000000057e+00 3.037799999999999945e-01 4.236000000000000182e-02
4.329979999999999940e+00 2.494699999999999973e-01 4.100000000000000172e-02
4.330650000000000333e+00 2.098899999999999932e-01 4.206000000000000016e-02
4.331319999999999837e+00 3.109100000000000197e-01 4.218999999999999834e-02
4.331979999999999720e+00 2.886699999999999822e-01 3.964000000000000162e-02
4.332650000000000112e+00 3.449999999999999734e-01 4.204000000000000098e-02
4.333319999999999617e+00 3.318800000000000083e-01 4.243000000000000244e-02
4.333980000000000388e+00 2.274400000000000033e-01 3.980000000000000204e-02
4.334649999999999892e+00 3.239500000000000157e-01 4.143000000000000155e-02
4.335309999999999775e+00 3.074100000000000166e-01 4.125000000000000194e-02
4.335980000000000167e+00 3.056699999999999973e-01 4.254999999999999755e-02
4.336649999999999672e+00 2.963500000000000023e-01 4.238999999999999713e-02
4.337310000000000443e+00 3.051900000000000168e-01 4.046000000000000291e-02
4.337970000000000326e+00 2.327599999999999947e-01 3.944000000000000283e-02
4.338639999999999830e+00 2.703900000000000192e-01 4.159000000000000197e-02
4.339310000000000223e+00 3.683799999999999852e-01 4.141999999999999849e-02
4.339970000000000105e+00 2.949800000000000200e-01 4.209999999999999853e-02
4.340639999999999610e+00 2.222999999999999976e-01 4.225999999999999895e-02
4.341310000000000002e+00 3.356299999999999839e-01 4.227999999999999814e-02
4.341969999999999885e+00 2.871199999999999863e-01 4.134999999999999787e-02
4.342640000000000278e+00 3.701300000000000145e-01 4.152999999999999747e-02
4.343300000000000161e+00 2.462399999999999867e-01 4.172000000000000014e-02
4.343969999999999665e+00 3.471000000000000196e-01 4.277999999999999858e-02
4.344640000000000057e+00 2.802700000000000191e-01 4.284000000000000308e-02
4.345299999999999940e+00 2.685100000000000264e-01 4.172000000000000014e-02
4.345970000000000333e+00 3.674399999999999888e-01 4.324999999999999678e-02
4.346639999999999837e+00 4.073700000000000099e-01 4.338000000000000189e-02
4.347299999999999720e+00 3.216600000000000015e-01 4.265999999999999653e-02
4.347970000000000113e+00 3.056699999999999973e-01 4.415000000000000174e-02
4.348629999999999995e+00 2.324499999999999900e-01 4.159999999999999809e-02
4.349300000000000388e+00 3.226299999999999724e-01 4.317000000000000004e-02
4.349969999999999892e+00 2.104800000000000004e-01 4.229000000000000120e-02
4.350629999999999775e+00 2.541100000000000025e-01 4.367000000000000048e-02
4.351300000000000168e+00 3.525200000000000000e-01 4.585000000000000187e-02
4.351960000000000051e+00 2.524299999999999877e-01 4.254999999999999755e-02
4.352630000000000443e+00 3.258800000000000030e-01 4.180999999999999994e-02
4.353290000000000326e+00 4.168399999999999883e-01 4.481000000000000261e-02
4.353959999999999830e+00 2.823300000000000254e-01 4.370000000000000273e-02
4.354630000000000223e+00 3.648500000000000076e-01 4.424999999999999767e-02
4.355290000000000106e+00 4.051600000000000201e-01 4.170000000000000095e-02
4.355959999999999610e+00 2.278199999999999947e-01 4.197000000000000036e-02
4.356620000000000381e+00 3.265799999999999814e-01 4.265999999999999653e-02
4.357289999999999885e+00 3.172699999999999965e-01 4.220999999999999752e-02
4.357960000000000278e+00 3.036900000000000155e-01 4.404000000000000276e-02
4.358620000000000161e+00 2.775199999999999889e-01 4.252000000000000224e-02
4.359289999999999665e+00 2.641499999999999959e-01 4.293999999999999900e-02
4.359950000000000436e+00 2.532800000000000051e-01 4.363999999999999824e-02
4.360619999999999941e+00 2.751199999999999757e-01 4.422999999999999848e-02
4.361279999999999824e+00 2.751299999999999857e-01 4.356000000000000150e-02
4.361950000000000216e+00 3.131099999999999994e-01 4.222999999999999671e-02
4.362619999999999720e+00 3.337999999999999856e-01 4.343000000000000332e-02
4.363279999999999603e+00 3.195799999999999752e-01 4.528999999999999693e-02
4.363949999999999996e+00 2.653200000000000003e-01 4.483999999999999792e-02
4.364609999999999879e+00 2.644599999999999729e-01 4.322000000000000147e-02
4.365280000000000271e+00 3.619700000000000140e-01 4.420000000000000318e-02
4.365949999999999775e+00 3.166900000000000270e-01 4.218999999999999834e-02
4.366609999999999658e+00 2.556100000000000039e-01 4.154999999999999666e-02
4.367280000000000051e+00 3.126700000000000035e-01 4.497999999999999915e-02
4.367939999999999934e+00 3.483899999999999775e-01 4.218000000000000221e-02
4.368610000000000326e+00 3.382899999999999796e-01 4.266999999999999960e-02
4.369270000000000209e+00 3.175499999999999989e-01 4.166000000000000258e-02
4.369939999999999714e+00 2.951699999999999879e-01 4.272999999999999715e-02
4.370599999999999596e+00 3.364500000000000268e-01 4.173999999999999932e-02
4.371269999999999989e+00 3.017000000000000237e-01 4.426999999999999685e-02
4.371929999999999872e+00 2.822200000000000264e-01 4.456000000000000238e-02
4.372600000000000264e+00 2.924100000000000033e-01 4.188999999999999668e-02
4.373269999999999769e+00 3.524800000000000155e-01 4.361000000000000293e-02
4.373929999999999652e+00 2.849099999999999966e-01 3.742999999999999799e-02
4.374600000000000044e+00 3.532100000000000239e-01 4.381999999999999784e-02
4.375259999999999927e+00 3.484499999999999820e-01 4.488000000000000322e-02
4.375930000000000319e+00 2.609799999999999898e-01 4.116999999999999826e-02
4.376599999999999824e+00 3.618299999999999850e-01 4.463000000000000300e-02
4.377259999999999707e+00 3.174399999999999999e-01 4.379000000000000253e-02
4.377919999999999590e+00 2.626800000000000246e-01 4.342000000000000026e-02
4.378589999999999982e+00 3.124000000000000110e-01 4.485999999999999710e-02
4.379260000000000375e+00 3.283599999999999852e-01 4.494999999999999690e-02
4.379920000000000258e+00 2.667399999999999771e-01 4.487000000000000016e-02
4.380589999999999762e+00 2.400500000000000134e-01 4.268000000000000266e-02
4.381249999999999645e+00 3.102699999999999902e-01 4.381000000000000172e-02
4.381920000000000037e+00 2.832399999999999918e-01 4.445000000000000340e-02
4.382579999999999920e+00 3.066400000000000237e-01 4.286999999999999839e-02
4.383250000000000313e+00 1.978600000000000081e-01 4.245000000000000162e-02
4.383910000000000196e+00 2.522499999999999742e-01 4.148999999999999910e-02
4.384579999999999700e+00 3.266200000000000214e-01 4.168999999999999789e-02
4.385250000000000092e+00 2.333999999999999964e-01 4.259999999999999898e-02
4.385909999999999975e+00 3.329099999999999837e-01 4.628000000000000169e-02
4.386580000000000368e+00 3.159199999999999786e-01 4.521000000000000019e-02
4.387240000000000251e+00 2.732999999999999874e-01 4.231000000000000039e-02
4.387909999999999755e+00 3.160000000000000031e-01 4.268999999999999878e-02
4.388569999999999638e+00 2.794900000000000162e-01 4.336000000000000271e-02
4.389240000000000030e+00 3.480900000000000105e-01 4.324000000000000066e-02
4.389899999999999913e+00 2.563900000000000068e-01 4.363000000000000211e-02
4.390570000000000306e+00 2.310699999999999976e-01 4.354000000000000231e-02
4.391239999999999810e+00 3.275500000000000078e-01 4.433000000000000135e-02
4.391899999999999693e+00 2.954100000000000059e-01 4.222999999999999671e-02
4.392570000000000086e+00 2.991800000000000015e-01 4.331999999999999740e-02
4.393229999999999968e+00 2.648099999999999898e-01 4.352999999999999925e-02
4.393900000000000361e+00 2.747700000000000142e-01 4.598000000000000004e-02
4.394560000000000244e+00 3.041400000000000214e-01 4.386000000000000315e-02
4.395229999999999748e+00 2.397100000000000064e-01 4.297000000000000125e-02
4.395889999999999631e+00 2.136699999999999988e-01 4.315999999999999698e-02
4.396560000000000024e+00 3.023899999999999921e-01 4.590000000000000330e-02
4.397219999999999906e+00 3.573299999999999810e-01 4.619000000000000189e-02
4.397890000000000299e+00 2.542900000000000160e-01 4.383000000000000090e-02
4.398550000000000182e+00 2.897500000000000075e-01 4.678000000000000214e-02
4.399219999999999686e+00 3.323999999999999733e-01 4.338000000000000189e-02
4.399890000000000079e+00 2.571300000000000252e-01 4.270999999999999797e-02
4.400549999999999962e+00 3.002900000000000014e-01 4.431000000000000216e-02
4.401209999999999845e+00 2.894399999999999751e-01 4.479999999999999954e-02
4.401880000000000237e+00 2.321600000000000052e-01 4.388000000000000234e-02
4.402549999999999741e+00 3.495300000000000074e-01 4.717999999999999972e-02
4.403209999999999624e+00 2.817600000000000104e-01 4.674999999999999989e-02
4.403880000000000017e+00 3.412999999999999923e-01 4.150000000000000216e-02
4.404539999999999900e+00 3.022000000000000242e-01 4.941000000000000253e-02
4.405199999999999783e+00 3.825600000000000112e-01 4.580999999999999656e-02
4.405870000000000175e+00 3.618899999999999895e-01 4.619999999999999801e-02
4.406539999999999679e+00 3.198300000000000032e-01 4.599000000000000310e-02
4.407199999999999562e+00 1.688000000000000056e-01 4.623000000000000026e-02
4.407869999999999955e+00 3.048500000000000099e-01 4.683999999999999969e-02
4.408529999999999838e+00 2.390100000000000002e-01 4.562000000000000083e-02
4.409200000000000230e+00 3.026900000000000146e-01 4.395999999999999908e-02
4.409860000000000113e+00 2.092499999999999916e-01 4.592999999999999861e-02
4.410529999999999617e+00 3.356999999999999984e-01 4.653000000000000191e-02
4.411190000000000389e+00 2.845500000000000251e-01 4.753000000000000280e-02
4.411859999999999893e+00 2.687599999999999989e-01 4.558000000000000246e-02
4.412519999999999776e+00 3.387399999999999856e-01 4.497999999999999915e-02
4.413190000000000168e+00 2.855800000000000005e-01 4.583999999999999880e-02
4.413850000000000051e+00 2.479800000000000060e-01 4.590000000000000330e-02
4.414520000000000444e+00 2.285999999999999976e-01 4.524999999999999856e-02
4.415180000000000327e+00 2.565899999999999848e-01 4.691000000000000031e-02
4.415849999999999831e+00 3.470699999999999896e-01 4.737000000000000238e-02
4.416509999999999714e+00 2.957000000000000184e-01 4.564000000000000001e-02
4.417180000000000106e+00 2.558099999999999818e-01 4.383000000000000090e-02
4.417839999999999989e+00 2.455199999999999882e-01 4.637000000000000149e-02
4.418510000000000382e+00 3.298099999999999921e-01 4.578000000000000125e-02
4.419179999999999886e+00 2.458700000000000052e-01 4.214999999999999997e-02
4.419839999999999769e+00 2.506099999999999994e-01 4.499000000000000221e-02
4.420499999999999652e+00 2.588400000000000145e-01 4.748999999999999749e-02
4.421170000000000044e+00 2.677499999999999880e-01 4.812999999999999917e-02
4.421840000000000437e+00 2.632300000000000195e-01 4.569000000000000145e-02
4.422500000000000320e+00 3.392899999999999805e-01 4.567000000000000226e-02
4.423160000000000203e+00 2.889399999999999746e-01 4.590999999999999942e-02
4.423829999999999707e+00 3.343300000000000161e-01 4.367000000000000048e-02
4.424489999999999590e+00 2.852500000000000036e-01 4.454999999999999932e-02
4.425159999999999982e+00 3.403499999999999859e-01 4.841999999999999776e-02
4.425819999999999865e+00 2.607900000000000218e-01 4.662000000000000172e-02
4.426490000000000258e+00 3.069999999999999951e-01 4.467000000000000137e-02
4.427150000000000141e+00 3.608899999999999886e-01 4.248999999999999999e-02
4.427819999999999645e+00 3.371199999999999752e-01 4.279000000000000165e-02
4.428480000000000416e+00 2.639699999999999824e-01 4.522000000000000325e-02
4.429140000000000299e+00 2.907799999999999829e-01 4.567999999999999838e-02
4.429809999999999803e+00 2.469200000000000006e-01 4.533999999999999836e-02
4.430480000000000196e+00 3.384499999999999731e-01 4.866000000000000186e-02
4.431140000000000079e+00 3.325000000000000178e-01 4.447000000000000258e-02
4.431809999999999583e+00 2.697899999999999743e-01 4.367999999999999661e-02
4.432479999999999976e+00 2.910800000000000054e-01 4.304000000000000187e-02
4.433139999999999858e+00 2.301700000000000135e-01 4.635999999999999843e-02
4.433799999999999741e+00 2.914599999999999969e-01 4.508999999999999814e-02
4.434470000000000134e+00 2.523599999999999732e-01 4.728999999999999870e-02
4.435130000000000017e+00 2.753399999999999737e-01 4.798999999999999794e-02
4.435800000000000409e+00 2.722899999999999765e-01 4.569999999999999757e-02
4.436460000000000292e+00 3.190600000000000103e-01 4.692000000000000337e-02
4.437129999999999797e+00 2.593900000000000095e-01 4.594999999999999779e-02
4.437789999999999679e+00 2.257599999999999885e-01 4.427999999999999992e-02
4.438460000000000072e+00 3.458200000000000163e-01 4.685999999999999888e-02
4.439119999999999955e+00 3.619499999999999940e-01 4.812000000000000305e-02
4.439790000000000347e+00 3.324699999999999878e-01 4.800000000000000100e-02
4.440450000000000230e+00 3.306200000000000250e-01 4.966000000000000275e-02
4.441119999999999735e+00 2.954700000000000104e-01 4.698000000000000093e-02
4.441779999999999617e+00 2.500499999999999945e-01 4.322000000000000147e-02
4.442450000000000010e+00 2.933100000000000152e-01 4.495999999999999996e-02
4.443109999999999893e+00 3.269599999999999729e-01 4.200000000000000261e-02
4.443780000000000285e+00 1.945300000000000085e-01 4.392000000000000071e-02
4.444440000000000168e+00 2.685799999999999854e-01 4.816000000000000142e-02
4.445109999999999673e+00 3.096099999999999963e-01 4.789000000000000201e-02
4.445770000000000444e+00 2.451399999999999968e-01 4.333999999999999658e-02
4.446430000000000327e+00 3.592099999999999738e-01 4.598000000000000004e-02
4.447099999999999831e+00 3.070499999999999896e-01 4.490000000000000241e-02
4.447759999999999714e+00 3.486699999999999799e-01 4.395999999999999908e-02
4.448430000000000106e+00 3.159799999999999831e-01 4.542000000000000204e-02
4.449089999999999989e+00 2.970700000000000007e-01 4.640999999999999986e-02
4.449760000000000382e+00 2.111300000000000121e-01 4.241999999999999937e-02
4.450420000000000265e+00 2.860199999999999965e-01 4.923000000000000292e-02
4.451089999999999769e+00 2.983299999999999841e-01 4.581999999999999962e-02
4.451749999999999652e+00 2.449099999999999888e-01 4.340000000000000108e-02
4.452420000000000044e+00 2.486399999999999999e-01 4.399999999999999745e-02
4.453079999999999927e+00 3.641699999999999937e-01 4.861999999999999655e-02
4.453739999999999810e+00 2.623300000000000076e-01 4.469000000000000056e-02
4.454410000000000203e+00 2.393699999999999994e-01 4.565000000000000308e-02
4.455070000000000086e+00 2.708599999999999897e-01 4.562999999999999695e-02
4.455739999999999590e+00 3.797099999999999920e-01 4.741999999999999688e-02
4.456400000000000361e+00 2.779599999999999849e-01 4.617000000000000270e-02
4.457069999999999865e+00 3.161499999999999866e-01 4.528000000000000080e-02
4.457729999999999748e+00 2.763599999999999945e-01 4.506999999999999895e-02
4.458400000000000141e+00 3.062099999999999822e-01 4.780000000000000221e-02
4.459060000000000024e+00 3.182900000000000174e-01 4.909000000000000169e-02
4.459730000000000416e+00 4.129700000000000037e-01 4.653999999999999804e-02
4.460390000000000299e+00 2.870900000000000118e-01 4.657000000000000028e-02
4.461050000000000182e+00 3.507600000000000162e-01 4.778999999999999915e-02
4.461719999999999686e+00 3.904500000000000193e-01 4.705999999999999767e-02
4.462379999999999569e+00 2.644900000000000029e-01 4.564000000000000001e-02
4.463049999999999962e+00 3.145800000000000263e-01 4.317000000000000004e-02
4.463709999999999845e+00 3.768199999999999883e-01 4.492999999999999772e-02
4.464380000000000237e+00 2.886699999999999822e-01 4.569000000000000145e-02
4.465029999999999610e+00 3.591699999999999893e-01 4.531000000000000305e-02
4.465700000000000003e+00 3.197400000000000242e-01 4.837000000000000327e-02
4.466370000000000395e+00 3.348800000000000110e-01 4.794000000000000344e-02
4.467030000000000278e+00 3.627500000000000169e-01 4.895999999999999658e-02
4.467699999999999783e+00 3.024000000000000021e-01 4.605999999999999678e-02
4.468359999999999665e+00 2.616899999999999782e-01 4.440000000000000197e-02
4.469030000000000058e+00 3.379499999999999726e-01 4.578000000000000125e-02
4.469689999999999941e+00 2.874300000000000188e-01 4.739999999999999769e-02
4.470360000000000333e+00 3.427499999999999991e-01 4.678000000000000214e-02
4.471020000000000216e+00 2.318399999999999905e-01 4.864000000000000268e-02
4.471680000000000099e+00 2.919599999999999973e-01 4.843000000000000083e-02
4.472349999999999604e+00 2.763100000000000001e-01 4.741000000000000075e-02
4.473010000000000375e+00 2.416399999999999937e-01 4.599000000000000310e-02
4.473679999999999879e+00 2.655699999999999728e-01 4.429999999999999910e-02
4.474339999999999762e+00 2.972099999999999742e-01 4.567999999999999838e-02
4.475010000000000154e+00 3.531900000000000039e-01 4.707000000000000073e-02
4.475670000000000037e+00 3.308300000000000129e-01 4.882000000000000228e-02
4.476340000000000430e+00 3.278800000000000048e-01 4.993999999999999828e-02
4.477000000000000313e+00 1.573900000000000021e-01 4.261999999999999816e-02
4.477669999999999817e+00 2.161399999999999988e-01 4.846000000000000307e-02
4.478329999999999700e+00 1.893100000000000060e-01 4.461999999999999994e-02
4.478989999999999583e+00 2.947299999999999920e-01 4.556000000000000327e-02
4.479659999999999975e+00 2.985200000000000076e-01 4.424000000000000155e-02
4.480319999999999858e+00 3.384800000000000031e-01 4.716999999999999665e-02
4.480990000000000251e+00 3.350899999999999990e-01 4.814999999999999836e-02
4.481650000000000134e+00 2.645500000000000074e-01 4.701999999999999930e-02
4.482319999999999638e+00 2.751299999999999857e-01 4.773000000000000159e-02
4.482980000000000409e+00 3.281399999999999872e-01 4.800000000000000100e-02
4.483640000000000292e+00 3.172900000000000165e-01 4.762000000000000260e-02
4.484309999999999796e+00 2.812299999999999800e-01 4.401999999999999663e-02
4.484969999999999679e+00 2.850599999999999801e-01 4.977999999999999786e-02
4.485629999999999562e+00 2.905300000000000105e-01 4.807999999999999774e-02
4.486299999999999955e+00 3.432399999999999896e-01 4.716000000000000053e-02
4.486959999999999837e+00 2.495999999999999885e-01 4.703999999999999848e-02
4.487630000000000230e+00 2.483200000000000129e-01 4.741999999999999688e-02
4.488290000000000113e+00 3.280000000000000138e-01 4.449999999999999789e-02
4.488949999999999996e+00 2.201299999999999923e-01 4.732999999999999707e-02
4.489620000000000388e+00 3.138699999999999823e-01 5.034000000000000280e-02
4.490280000000000271e+00 2.867700000000000249e-01 5.054000000000000159e-02
4.490949999999999775e+00 3.474999999999999756e-01 4.614999999999999658e-02
4.491609999999999658e+00 2.751399999999999957e-01 4.655000000000000110e-02
4.492280000000000051e+00 3.466400000000000037e-01 4.603000000000000147e-02
4.492939999999999934e+00 3.871499999999999941e-01 4.866000000000000186e-02
4.493610000000000326e+00 3.069999999999999951e-01 4.800999999999999712e-02
4.494270000000000209e+00 2.237500000000000044e-01 4.696999999999999786e-02
4.494930000000000092e+00 3.081699999999999995e-01 5.041000000000000342e-02
4.495599999999999596e+00 3.450099999999999834e-01 5.113000000000000184e-02
4.496260000000000367e+00 2.030800000000000105e-01 4.556999999999999940e-02
4.496929999999999872e+00 4.783100000000000129e-01 4.857999999999999818e-02
4.497589999999999755e+00 2.932600000000000207e-01 4.893999999999999739e-02
4.498249999999999638e+00 2.236499999999999877e-01 4.735999999999999932e-02
4.498920000000000030e+00 2.217200000000000004e-01 4.546999999999999653e-02
4.499579999999999913e+00 3.297200000000000131e-01 4.606999999999999984e-02
4.500250000000000306e+00 3.447100000000000164e-01 5.036000000000000199e-02
4.500910000000000188e+00 2.842100000000000182e-01 5.065999999999999670e-02
4.501570000000000071e+00 2.634000000000000230e-01 4.583000000000000268e-02
4.502239999999999576e+00 3.438300000000000245e-01 4.603000000000000147e-02
4.502909999999999968e+00 2.312099999999999989e-01 4.687000000000000194e-02
4.503569999999999851e+00 3.366500000000000048e-01 4.832999999999999796e-02
4.504229999999999734e+00 3.255500000000000060e-01 4.598000000000000004e-02
4.504889999999999617e+00 2.828800000000000203e-01 5.000000000000000278e-02
4.505560000000000009e+00 2.819099999999999939e-01 4.875000000000000167e-02
4.506219999999999892e+00 2.745000000000000218e-01 4.887999999999999984e-02
4.506879999999999775e+00 3.128400000000000070e-01 4.787000000000000283e-02
4.507550000000000168e+00 3.174000000000000155e-01 4.673000000000000070e-02
4.508210000000000051e+00 3.286600000000000077e-01 4.868000000000000105e-02
4.508880000000000443e+00 2.001400000000000123e-01 4.630000000000000088e-02
4.509540000000000326e+00 3.650200000000000111e-01 4.828999999999999959e-02
4.510200000000000209e+00 2.763100000000000001e-01 4.487000000000000016e-02
4.510869999999999713e+00 3.641300000000000092e-01 4.148000000000000298e-02
4.511529999999999596e+00 2.680400000000000005e-01 4.739999999999999769e-02
4.512199999999999989e+00 3.039999999999999925e-01 4.782999999999999752e-02
4.512859999999999872e+00 3.261100000000000110e-01 5.100999999999999979e-02
4.513519999999999754e+00 3.568999999999999950e-01 4.920999999999999680e-02
4.514190000000000147e+00 3.652099999999999791e-01 4.830999999999999878e-02
4.514850000000000030e+00 3.405299999999999994e-01 4.929999999999999660e-02
4.515509999999999913e+00 3.396899999999999920e-01 4.696000000000000174e-02
4.516180000000000305e+00 3.571599999999999775e-01 4.959999999999999826e-02
4.516840000000000188e+00 2.942500000000000115e-01 4.775000000000000078e-02
4.517509999999999692e+00 2.833300000000000263e-01 4.442999999999999727e-02
4.518169999999999575e+00 3.162099999999999911e-01 4.825999999999999734e-02
4.518839999999999968e+00 2.288100000000000134e-01 4.664999999999999702e-02
4.519499999999999851e+00 1.695299999999999863e-01 4.855000000000000288e-02
4.520159999999999734e+00 2.384499999999999953e-01 4.662000000000000172e-02
4.520830000000000126e+00 4.198000000000000065e-01 5.031000000000000055e-02
4.521490000000000009e+00 3.181899999999999729e-01 5.050999999999999934e-02
4.522149999999999892e+00 2.683599999999999874e-01 4.859000000000000125e-02
4.522809999999999775e+00 2.820300000000000029e-01 4.855000000000000288e-02
4.523480000000000167e+00 3.804100000000000259e-01 5.034999999999999892e-02
4.524140000000000050e+00 2.966199999999999948e-01 4.948000000000000315e-02
4.524810000000000443e+00 3.800899999999999834e-01 5.299999999999999850e-02
4.525470000000000326e+00 2.748099999999999987e-01 4.782000000000000139e-02
4.526130000000000209e+00 2.348300000000000110e-01 4.921999999999999986e-02
4.526799999999999713e+00 3.016199999999999992e-01 4.887999999999999984e-02
4.527459999999999596e+00 2.909300000000000219e-01 5.027000000000000218e-02
4.528120000000000367e+00 2.956300000000000039e-01 5.122000000000000164e-02
4.529449999999999754e+00 3.684499999999999997e-01 4.723000000000000115e-02
4.530120000000000147e+00 3.431000000000000161e-01 4.598000000000000004e-02
4.530780000000000030e+00 2.934899999999999731e-01 4.973000000000000337e-02
4.531439999999999912e+00 3.555300000000000127e-01 4.306000000000000105e-02
4.532110000000000305e+00 3.230000000000000093e-01 5.165000000000000147e-02
4.532770000000000188e+00 3.073699999999999766e-01 5.228000000000000008e-02
4.533430000000000071e+00 2.932299999999999907e-01 5.079000000000000181e-02
4.534099999999999575e+00 3.038899999999999935e-01 4.966000000000000275e-02
4.534760000000000346e+00 3.414499999999999758e-01 4.769999999999999934e-02
4.535420000000000229e+00 2.785599999999999743e-01 4.735999999999999932e-02
4.536089999999999733e+00 2.842999999999999972e-01 4.775000000000000078e-02
4.536749999999999616e+00 3.424400000000000222e-01 4.968000000000000194e-02
4.537420000000000009e+00 3.131800000000000139e-01 4.769000000000000322e-02
4.538079999999999892e+00 2.819900000000000184e-01 4.796999999999999875e-02
4.538739999999999775e+00 1.525299999999999989e-01 5.031000000000000055e-02
4.539399999999999658e+00 2.747800000000000242e-01 4.920999999999999680e-02
4.540070000000000050e+00 3.189899999999999958e-01 5.165000000000000147e-02
4.540729999999999933e+00 2.565399999999999903e-01 5.036999999999999811e-02
4.541389999999999816e+00 3.343200000000000061e-01 4.984000000000000236e-02
4.542060000000000208e+00 2.264700000000000046e-01 4.907999999999999863e-02
4.542720000000000091e+00 2.810000000000000275e-01 4.939999999999999947e-02
4.543389999999999596e+00 2.923000000000000043e-01 4.825000000000000122e-02
4.544050000000000367e+00 2.920699999999999963e-01 4.760999999999999954e-02
4.544710000000000250e+00 3.180600000000000094e-01 5.134999999999999981e-02
4.545370000000000132e+00 3.039799999999999724e-01 5.211999999999999966e-02
4.546039999999999637e+00 4.090500000000000247e-01 5.009000000000000258e-02
4.546700000000000408e+00 2.816000000000000170e-01 5.025999999999999912e-02
4.547369999999999912e+00 3.267200000000000104e-01 4.961000000000000132e-02
4.548029999999999795e+00 3.338099999999999956e-01 4.585999999999999799e-02
4.548689999999999678e+00 3.196899999999999742e-01 4.896999999999999964e-02
4.549360000000000070e+00 2.860699999999999910e-01 4.954000000000000070e-02
4.550019999999999953e+00 2.988700000000000245e-01 4.640999999999999986e-02
4.550679999999999836e+00 2.217200000000000004e-01 4.871999999999999942e-02
4.551350000000000229e+00 2.005399999999999960e-01 5.020999999999999769e-02
4.552010000000000112e+00 3.322499999999999898e-01 5.290000000000000258e-02
4.552669999999999995e+00 2.516499999999999848e-01 5.025999999999999912e-02
4.553340000000000387e+00 3.065999999999999837e-01 4.810999999999999999e-02
4.554000000000000270e+00 2.848999999999999866e-01 4.791999999999999732e-02
4.554669999999999774e+00 3.009200000000000208e-01 4.843999999999999695e-02
4.555320000000000036e+00 3.107699999999999907e-01 4.805999999999999855e-02
4.555990000000000428e+00 2.852199999999999736e-01 4.746999999999999831e-02
4.556650000000000311e+00 3.083299999999999930e-01 4.914999999999999925e-02
4.557319999999999816e+00 2.228600000000000025e-01 4.744000000000000300e-02
4.557979999999999698e+00 4.405800000000000272e-01 5.142000000000000043e-02
4.558639999999999581e+00 2.831199999999999828e-01 4.877000000000000085e-02
4.559309999999999974e+00 3.196899999999999742e-01 5.023999999999999994e-02
4.559969999999999857e+00 1.937699999999999978e-01 4.512000000000000038e-02
4.560629999999999740e+00 2.640100000000000224e-01 4.784000000000000058e-02
4.561300000000000132e+00 3.055499999999999883e-01 5.113000000000000184e-02
4.561960000000000015e+00 2.470100000000000073e-01 5.074000000000000038e-02
4.562619999999999898e+00 2.671700000000000186e-01 5.034000000000000280e-02
4.563290000000000290e+00 2.693999999999999728e-01 5.102000000000000285e-02
4.564610000000000056e+00 3.413800000000000168e-01 5.054000000000000159e-02
4.565279999999999561e+00 2.913899999999999824e-01 4.800000000000000100e-02
4.565940000000000332e+00 3.307200000000000140e-01 5.117000000000000021e-02
4.566600000000000215e+00 2.690199999999999814e-01 4.882999999999999841e-02
4.567260000000000097e+00 2.644799999999999929e-01 5.045999999999999791e-02
4.567929999999999602e+00 2.896299999999999986e-01 4.997999999999999665e-02
4.568590000000000373e+00 3.230000000000000093e-01 5.027999999999999831e-02
4.569250000000000256e+00 3.977800000000000225e-01 5.099000000000000060e-02
4.569910000000000139e+00 3.057400000000000118e-01 5.136000000000000287e-02
4.570579999999999643e+00 2.714900000000000091e-01 5.002000000000000196e-02
4.571240000000000414e+00 2.758999999999999786e-01 5.138999999999999818e-02
4.571900000000000297e+00 2.421099999999999919e-01 4.524999999999999856e-02
4.572560000000000180e+00 2.250099999999999878e-01 4.730999999999999789e-02
4.573229999999999684e+00 3.733899999999999997e-01 5.117000000000000021e-02
4.573889999999999567e+00 2.858100000000000085e-01 5.131999999999999756e-02
4.574559999999999960e+00 3.086099999999999954e-01 5.099000000000000060e-02
4.575219999999999843e+00 2.839499999999999802e-01 4.852000000000000063e-02
4.575879999999999725e+00 2.810699999999999865e-01 5.358999999999999875e-02
4.576550000000000118e+00 3.152900000000000147e-01 4.936999999999999722e-02
4.577210000000000001e+00 3.452100000000000168e-01 5.029000000000000137e-02
4.577869999999999884e+00 2.620899999999999896e-01 4.308000000000000024e-02
4.578529999999999767e+00 2.625199999999999756e-01 4.775999999999999690e-02
4.579200000000000159e+00 3.090300000000000269e-01 5.086999999999999855e-02
4.579860000000000042e+00 1.890900000000000081e-01 4.952999999999999764e-02
4.580519999999999925e+00 2.565899999999999848e-01 5.238999999999999907e-02
4.581190000000000317e+00 2.557800000000000074e-01 5.047000000000000097e-02
4.581850000000000200e+00 3.814199999999999813e-01 4.832000000000000184e-02
4.582510000000000083e+00 3.432100000000000151e-01 5.072999999999999732e-02
4.583169999999999966e+00 2.091000000000000081e-01 4.785999999999999976e-02
4.583840000000000359e+00 2.951400000000000134e-01 5.022000000000000075e-02
4.584500000000000242e+00 2.891199999999999881e-01 5.056000000000000077e-02
4.585160000000000124e+00 2.647800000000000153e-01 5.011000000000000176e-02
4.586479999999999890e+00 3.856299999999999728e-01 4.957000000000000295e-02
4.587150000000000283e+00 3.228800000000000003e-01 5.208000000000000129e-02
4.587819999999999787e+00 3.798699999999999855e-01 5.156999999999999779e-02
4.588479999999999670e+00 3.021599999999999842e-01 5.117000000000000021e-02
4.589140000000000441e+00 2.496899999999999953e-01 5.213999999999999885e-02
4.589800000000000324e+00 3.201200000000000156e-01 5.489000000000000129e-02
4.590469999999999828e+00 2.796100000000000252e-01 5.143999999999999961e-02
4.591129999999999711e+00 2.530899999999999817e-01 4.839000000000000246e-02
4.591789999999999594e+00 2.772200000000000220e-01 5.056999999999999690e-02
4.592450000000000365e+00 2.813300000000000245e-01 4.701999999999999930e-02
4.593119999999999870e+00 3.256299999999999750e-01 5.084000000000000324e-02
4.593779999999999752e+00 3.171800000000000175e-01 5.136000000000000287e-02
4.594439999999999635e+00 2.967899999999999983e-01 5.210999999999999660e-02
4.595100000000000406e+00 2.979800000000000226e-01 5.521000000000000213e-02
4.595769999999999911e+00 3.135499999999999954e-01 5.378000000000000141e-02
4.596429999999999794e+00 2.100400000000000045e-01 4.700000000000000011e-02
4.597089999999999677e+00 3.498399999999999843e-01 4.963000000000000050e-02
4.597749999999999559e+00 2.808800000000000185e-01 4.977999999999999786e-02
4.598419999999999952e+00 2.537200000000000011e-01 5.084999999999999937e-02
4.599079999999999835e+00 3.735399999999999832e-01 5.351000000000000201e-02
4.599739999999999718e+00 3.289699999999999847e-01 4.909999999999999781e-02
4.600399999999999601e+00 2.909399999999999764e-01 4.800999999999999712e-02
4.601069999999999993e+00 2.442100000000000104e-01 4.943000000000000171e-02
4.601729999999999876e+00 2.601999999999999869e-01 5.161000000000000310e-02
4.602400000000000269e+00 2.841199999999999837e-01 5.310000000000000137e-02
4.603060000000000151e+00 3.276000000000000023e-01 5.263999999999999929e-02
4.603720000000000034e+00 3.333800000000000097e-01 5.020000000000000157e-02
4.604379999999999917e+00 3.013000000000000123e-01 5.537000000000000255e-02
4.605039999999999800e+00 3.193500000000000227e-01 5.231999999999999845e-02
4.605710000000000193e+00 2.445100000000000051e-01 4.734000000000000014e-02
4.606370000000000076e+00 2.974600000000000022e-01 5.015000000000000013e-02
4.607029999999999959e+00 3.367100000000000093e-01 4.950999999999999845e-02
4.607700000000000351e+00 2.944899999999999740e-01 4.866999999999999799e-02
4.608360000000000234e+00 2.543799999999999950e-01 4.898000000000000270e-02
4.609020000000000117e+00 3.581099999999999839e-01 5.288000000000000339e-02
4.609680000000000000e+00 2.565600000000000103e-01 5.476000000000000312e-02
4.610339999999999883e+00 2.864599999999999924e-01 5.260999999999999704e-02
4.611010000000000275e+00 2.464899999999999869e-01 5.047999999999999710e-02
4.611670000000000158e+00 2.657700000000000062e-01 4.760999999999999954e-02
4.612330000000000041e+00 3.480400000000000160e-01 5.049000000000000016e-02
4.612989999999999924e+00 3.348200000000000065e-01 4.791999999999999732e-02
4.613660000000000316e+00 2.536800000000000166e-01 5.138999999999999818e-02
4.614320000000000199e+00 2.896599999999999731e-01 5.152000000000000329e-02
4.614980000000000082e+00 2.701700000000000212e-01 5.195999999999999924e-02
4.615639999999999965e+00 1.933400000000000118e-01 5.142999999999999655e-02
4.616310000000000358e+00 2.984999999999999876e-01 5.340999999999999914e-02
4.616970000000000240e+00 2.503199999999999870e-01 5.152999999999999942e-02
4.617630000000000123e+00 2.372799999999999909e-01 5.009999999999999870e-02
4.618290000000000006e+00 3.411000000000000143e-01 5.070999999999999813e-02
4.618960000000000399e+00 2.770799999999999930e-01 4.907999999999999863e-02
4.619620000000000282e+00 2.580999999999999961e-01 5.059999999999999915e-02
4.620280000000000165e+00 3.605900000000000216e-01 5.290999999999999870e-02
4.620940000000000047e+00 2.851500000000000146e-01 5.016000000000000320e-02
4.621599999999999930e+00 2.671700000000000186e-01 5.075000000000000344e-02
4.622270000000000323e+00 2.721600000000000130e-01 4.909000000000000169e-02
4.622930000000000206e+00 3.732699999999999907e-01 5.231999999999999845e-02
4.623590000000000089e+00 2.279100000000000015e-01 5.025000000000000300e-02
4.624259999999999593e+00 2.449800000000000033e-01 4.898999999999999883e-02
4.624909999999999854e+00 4.191099999999999826e-01 5.338999999999999996e-02
4.625580000000000247e+00 3.023600000000000176e-01 5.324999999999999872e-02
4.626240000000000130e+00 2.609000000000000208e-01 5.236999999999999988e-02
4.626900000000000013e+00 3.244000000000000217e-01 5.210000000000000048e-02
4.627570000000000405e+00 2.597900000000000209e-01 4.114000000000000296e-02
4.628219999999999779e+00 2.587499999999999800e-01 4.780000000000000221e-02
4.628890000000000171e+00 2.557099999999999929e-01 4.850999999999999757e-02
4.629550000000000054e+00 1.981499999999999928e-01 4.964999999999999969e-02
4.630209999999999937e+00 2.067299999999999971e-01 5.768999999999999823e-02
4.630880000000000329e+00 2.884399999999999742e-01 5.240999999999999825e-02
4.631540000000000212e+00 2.792100000000000137e-01 5.075999999999999956e-02
4.632200000000000095e+00 2.072700000000000098e-01 5.111000000000000265e-02
4.632859999999999978e+00 1.717100000000000015e-01 5.290000000000000258e-02
4.633519999999999861e+00 4.065799999999999970e-01 5.437000000000000166e-02
4.634190000000000254e+00 2.608599999999999808e-01 5.204000000000000292e-02
4.634850000000000136e+00 2.859099999999999975e-01 5.190999999999999781e-02
4.635510000000000019e+00 2.798700000000000077e-01 5.163999999999999840e-02
4.636169999999999902e+00 2.825599999999999778e-01 5.276999999999999746e-02
4.636829999999999785e+00 2.582800000000000096e-01 5.342999999999999833e-02
4.637489999999999668e+00 2.443200000000000094e-01 5.208000000000000129e-02
4.638160000000000061e+00 2.711000000000000076e-01 5.213999999999999885e-02
4.638819999999999943e+00 2.770500000000000185e-01 4.411000000000000337e-02
4.639479999999999826e+00 3.094500000000000028e-01 5.362000000000000099e-02
4.640150000000000219e+00 3.044499999999999984e-01 5.086000000000000243e-02
4.640810000000000102e+00 2.813700000000000090e-01 5.426999999999999880e-02
4.641469999999999985e+00 2.524299999999999877e-01 4.986999999999999766e-02
4.642129999999999868e+00 3.695599999999999996e-01 5.084000000000000324e-02
4.642789999999999750e+00 2.173200000000000132e-01 5.070000000000000201e-02
4.643449999999999633e+00 3.782200000000000006e-01 5.143999999999999961e-02
4.644120000000000026e+00 2.187999999999999945e-01 5.430999999999999717e-02
4.644779999999999909e+00 1.982800000000000118e-01 4.981000000000000011e-02
4.645439999999999792e+00 2.583199999999999941e-01 5.308000000000000218e-02
4.646099999999999675e+00 2.977799999999999891e-01 5.197000000000000230e-02
4.646770000000000067e+00 2.725199999999999845e-01 4.361000000000000293e-02
4.647429999999999950e+00 2.897700000000000276e-01 4.997000000000000053e-02
4.648089999999999833e+00 3.180200000000000249e-01 5.129000000000000226e-02
4.648749999999999716e+00 3.431199999999999806e-01 5.199999999999999761e-02
4.649409999999999599e+00 2.971900000000000097e-01 5.183000000000000107e-02
4.650079999999999991e+00 2.509899999999999909e-01 5.199000000000000149e-02
4.650739999999999874e+00 2.577400000000000246e-01 5.122000000000000164e-02
4.651399999999999757e+00 2.526300000000000212e-01 5.109999999999999959e-02
4.652059999999999640e+00 2.987600000000000255e-01 5.217000000000000109e-02
4.652720000000000411e+00 3.638100000000000223e-01 5.582000000000000156e-02
4.653389999999999915e+00 2.703400000000000247e-01 5.333000000000000240e-02
4.654049999999999798e+00 2.664500000000000202e-01 5.224999999999999784e-02
4.654709999999999681e+00 2.398500000000000076e-01 4.685999999999999888e-02
4.655369999999999564e+00 2.727999999999999869e-01 5.093000000000000305e-02
4.656030000000000335e+00 2.901199999999999890e-01 4.784999999999999670e-02
4.656690000000000218e+00 2.875800000000000023e-01 5.147000000000000186e-02
4.657359999999999722e+00 2.603599999999999803e-01 5.301000000000000156e-02
4.658019999999999605e+00 2.401300000000000101e-01 5.174000000000000127e-02
4.658680000000000376e+00 3.457600000000000118e-01 5.294999999999999707e-02
4.659340000000000259e+00 2.605899999999999883e-01 5.228000000000000008e-02
4.660000000000000142e+00 3.319300000000000028e-01 5.510999999999999927e-02
4.660660000000000025e+00 2.965200000000000058e-01 5.487999999999999823e-02
4.661330000000000418e+00 3.623299999999999854e-01 5.390000000000000346e-02
4.661990000000000300e+00 2.721500000000000030e-01 5.215999999999999803e-02
4.662650000000000183e+00 2.582499999999999796e-01 4.877000000000000085e-02
4.663310000000000066e+00 3.168000000000000260e-01 5.265000000000000235e-02
4.663969999999999949e+00 2.154500000000000026e-01 4.501000000000000140e-02
4.664629999999999832e+00 2.865199999999999969e-01 5.095999999999999835e-02
4.665300000000000225e+00 2.795799999999999952e-01 5.358000000000000262e-02
4.665960000000000107e+00 2.406999999999999973e-01 5.095999999999999835e-02
4.666619999999999990e+00 3.351100000000000190e-01 5.534000000000000030e-02
4.667279999999999873e+00 2.923499999999999988e-01 5.562999999999999889e-02
4.667950000000000266e+00 3.025399999999999756e-01 5.394000000000000183e-02
4.668610000000000149e+00 2.389799999999999980e-01 5.253000000000000030e-02
4.669270000000000032e+00 3.005399999999999738e-01 5.247999999999999887e-02
4.669929999999999914e+00 3.058000000000000163e-01 4.819999999999999979e-02
4.670589999999999797e+00 3.229699999999999793e-01 5.088999999999999774e-02
4.671249999999999680e+00 3.023700000000000276e-01 5.403999999999999776e-02
4.671909999999999563e+00 3.498100000000000098e-01 5.274000000000000216e-02
4.672579999999999956e+00 2.538699999999999846e-01 5.158999999999999697e-02
4.673239999999999839e+00 3.567500000000000115e-01 5.433999999999999941e-02
4.673899999999999721e+00 3.617900000000000005e-01 5.399999999999999939e-02
4.674559999999999604e+00 3.370299999999999963e-01 5.569999999999999951e-02
4.675220000000000375e+00 2.342799999999999883e-01 5.333000000000000240e-02
4.675880000000000258e+00 2.793700000000000072e-01 5.079000000000000181e-02
4.676540000000000141e+00 3.823900000000000077e-01 5.285000000000000114e-02
4.677209999999999646e+00 3.115399999999999836e-01 5.151000000000000023e-02
4.677870000000000417e+00 3.861100000000000088e-01 5.229999999999999927e-02
4.678530000000000300e+00 3.513700000000000156e-01 5.659000000000000141e-02
4.679190000000000182e+00 3.169699999999999740e-01 5.183000000000000107e-02
4.679850000000000065e+00 2.955499999999999794e-01 5.330000000000000016e-02
4.680509999999999948e+00 1.758000000000000118e-01 4.635000000000000231e-02
4.681169999999999831e+00 3.861999999999999877e-01 5.745999999999999719e-02
4.681829999999999714e+00 3.450300000000000034e-01 5.285000000000000114e-02
4.682500000000000107e+00 3.561099999999999821e-01 5.491000000000000048e-02
4.683159999999999989e+00 2.940999999999999726e-01 5.220000000000000334e-02
4.683819999999999872e+00 3.869600000000000262e-01 5.355000000000000038e-02
4.684479999999999755e+00 2.571999999999999842e-01 5.145999999999999880e-02
4.685139999999999638e+00 3.000900000000000234e-01 5.306000000000000300e-02
4.685810000000000031e+00 3.088699999999999779e-01 5.394000000000000183e-02
4.686460000000000292e+00 2.961199999999999943e-01 5.401999999999999857e-02
4.687129999999999797e+00 3.547500000000000098e-01 5.161000000000000310e-02
4.687789999999999679e+00 3.057699999999999863e-01 5.154999999999999860e-02
4.688449999999999562e+00 2.757399999999999851e-01 5.419000000000000206e-02
4.689110000000000333e+00 3.485400000000000165e-01 5.299999999999999850e-02
4.689779999999999838e+00 3.541799999999999948e-01 5.503999999999999865e-02
4.690430000000000099e+00 2.655699999999999728e-01 5.013000000000000095e-02
4.691099999999999604e+00 2.831899999999999973e-01 5.609999999999999709e-02
4.691760000000000375e+00 2.235699999999999910e-01 5.219000000000000028e-02
4.692420000000000258e+00 3.299900000000000055e-01 5.181999999999999801e-02
4.693080000000000140e+00 2.282599999999999907e-01 4.687999999999999806e-02
4.693740000000000023e+00 2.356699999999999906e-01 5.260999999999999704e-02
4.694410000000000416e+00 3.803199999999999914e-01 5.385999999999999815e-02
4.695059999999999789e+00 2.660000000000000142e-01 5.346000000000000058e-02
4.695719999999999672e+00 2.701899999999999857e-01 5.296000000000000013e-02
4.696390000000000065e+00 2.601499999999999924e-01 5.038000000000000117e-02
4.697049999999999947e+00 3.256000000000000005e-01 5.403999999999999776e-02
4.697709999999999830e+00 3.167099999999999915e-01 5.349000000000000282e-02
4.698369999999999713e+00 2.618199999999999972e-01 5.494999999999999885e-02
4.699029999999999596e+00 3.495199999999999974e-01 5.546999999999999847e-02
4.699690000000000367e+00 3.173400000000000110e-01 5.589999999999999830e-02
4.700350000000000250e+00 2.542499999999999760e-01 5.269000000000000072e-02
4.701670000000000016e+00 4.155099999999999905e-01 5.390000000000000346e-02
4.702340000000000408e+00 3.662400000000000100e-01 5.494999999999999885e-02
4.703000000000000291e+00 3.381700000000000261e-01 5.614999999999999852e-02
4.703660000000000174e+00 3.923599999999999866e-01 5.541999999999999704e-02
4.704320000000000057e+00 2.113299999999999901e-01 4.941000000000000253e-02
4.704979999999999940e+00 2.588900000000000090e-01 5.401999999999999857e-02
4.705639999999999823e+00 2.531599999999999961e-01 5.457000000000000045e-02
4.706299999999999706e+00 1.919500000000000095e-01 5.127999999999999919e-02
4.706959999999999589e+00 2.265199999999999991e-01 5.389000000000000040e-02
4.707620000000000360e+00 3.457899999999999863e-01 5.548000000000000154e-02
4.708280000000000243e+00 2.794200000000000017e-01 5.480999999999999761e-02
4.708949999999999747e+00 2.555999999999999939e-01 5.501999999999999946e-02
4.709609999999999630e+00 2.720400000000000040e-01 5.439999999999999697e-02
4.710270000000000401e+00 2.288800000000000001e-01 5.149999999999999717e-02
4.710930000000000284e+00 2.583799999999999986e-01 5.303000000000000075e-02
4.711590000000000167e+00 2.669199999999999906e-01 5.419999999999999818e-02
4.712250000000000050e+00 3.063600000000000212e-01 5.168999999999999984e-02
4.712909999999999933e+00 3.263599999999999834e-01 5.260000000000000092e-02
4.713569999999999816e+00 2.860300000000000065e-01 5.344000000000000139e-02
4.714229999999999698e+00 3.232200000000000073e-01 5.306000000000000300e-02
4.714889999999999581e+00 3.009299999999999753e-01 5.338999999999999996e-02
4.715559999999999974e+00 2.067100000000000048e-01 5.088000000000000161e-02
4.716219999999999857e+00 3.373200000000000087e-01 5.392000000000000265e-02
4.716879999999999740e+00 3.617600000000000260e-01 5.349999999999999895e-02
4.717539999999999623e+00 3.258599999999999830e-01 5.396000000000000102e-02
4.718200000000000394e+00 3.009600000000000053e-01 5.526999999999999968e-02
4.718860000000000277e+00 2.056000000000000050e-01 5.287000000000000033e-02
4.719529999999999781e+00 2.657300000000000217e-01 5.417999999999999899e-02
4.720189999999999664e+00 3.493899999999999784e-01 5.485999999999999904e-02
4.720839999999999925e+00 2.487600000000000089e-01 5.399000000000000327e-02
4.721510000000000318e+00 2.707100000000000062e-01 5.263000000000000317e-02
4.722170000000000201e+00 2.420899999999999996e-01 5.414000000000000062e-02
4.722830000000000084e+00 2.073099999999999943e-01 5.142999999999999655e-02
4.723489999999999966e+00 2.854599999999999915e-01 5.260000000000000092e-02
4.724149999999999849e+00 2.929499999999999882e-01 5.258999999999999786e-02
4.724809999999999732e+00 3.128199999999999870e-01 5.496000000000000191e-02
4.725469999999999615e+00 3.254299999999999971e-01 5.374000000000000304e-02
4.726130000000000386e+00 2.650600000000000178e-01 5.691000000000000225e-02
4.726790000000000269e+00 2.983000000000000096e-01 5.426999999999999880e-02
4.727450000000000152e+00 3.182499999999999774e-01 5.934999999999999998e-02
4.728110000000000035e+00 2.456599999999999895e-01 5.054999999999999771e-02
4.728780000000000427e+00 3.258300000000000085e-01 5.084999999999999937e-02
4.729440000000000310e+00 2.022100000000000009e-01 4.943999999999999784e-02
4.730089999999999684e+00 2.258900000000000075e-01 4.764999999999999791e-02
4.730749999999999567e+00 2.927699999999999747e-01 4.977999999999999786e-02
4.731419999999999959e+00 2.677300000000000235e-01 5.210000000000000048e-02
4.732079999999999842e+00 3.307899999999999729e-01 5.151000000000000023e-02
4.732739999999999725e+00 3.782800000000000051e-01 5.464999999999999719e-02
4.733399999999999608e+00 2.827899999999999858e-01 5.705999999999999961e-02
4.734060000000000379e+00 2.673599999999999866e-01 5.478000000000000230e-02
4.734720000000000262e+00 2.626100000000000101e-01 5.365999999999999936e-02
4.735380000000000145e+00 2.256700000000000095e-01 5.519999999999999907e-02
4.736040000000000028e+00 3.531699999999999839e-01 5.492999999999999966e-02
4.736699999999999910e+00 2.344400000000000095e-01 5.283999999999999808e-02
4.737359999999999793e+00 2.505800000000000249e-01 5.011000000000000176e-02
4.738019999999999676e+00 2.571899999999999742e-01 5.292000000000000176e-02
4.738690000000000069e+00 2.419099999999999862e-01 5.269000000000000072e-02
4.739349999999999952e+00 2.176700000000000024e-01 5.317000000000000198e-02
4.740009999999999835e+00 2.400500000000000134e-01 5.462999999999999801e-02
4.740669999999999717e+00 3.232099999999999973e-01 5.670000000000000040e-02
4.741329999999999600e+00 3.228900000000000103e-01 5.342999999999999833e-02
4.741990000000000371e+00 2.524899999999999922e-01 5.646999999999999936e-02
4.742650000000000254e+00 2.883999999999999897e-01 5.090999999999999692e-02
4.743310000000000137e+00 3.481199999999999850e-01 5.383000000000000285e-02
4.744629999999999903e+00 2.778900000000000259e-01 5.414000000000000062e-02
4.745289999999999786e+00 2.484000000000000097e-01 5.797999999999999682e-02
4.745949999999999669e+00 2.436099999999999932e-01 5.516000000000000070e-02
4.746610000000000440e+00 2.980099999999999971e-01 5.428999999999999798e-02
4.747270000000000323e+00 3.410299999999999998e-01 5.346000000000000058e-02
4.747930000000000206e+00 3.201600000000000001e-01 5.498999999999999722e-02
4.748590000000000089e+00 3.865299999999999847e-01 5.729999999999999677e-02
4.749249999999999972e+00 2.522800000000000042e-01 5.111000000000000265e-02
4.749909999999999854e+00 3.210500000000000020e-01 5.720999999999999697e-02
4.750569999999999737e+00 2.563099999999999823e-01 5.562000000000000277e-02
4.751240000000000130e+00 2.319100000000000050e-01 5.433000000000000329e-02
4.751890000000000391e+00 2.756500000000000061e-01 5.505999999999999783e-02
4.752559999999999896e+00 2.408399999999999985e-01 4.735999999999999932e-02
4.753210000000000157e+00 2.734199999999999964e-01 5.464999999999999719e-02
4.753879999999999661e+00 2.638099999999999890e-01 5.346000000000000058e-02
4.754540000000000433e+00 3.699299999999999811e-01 5.686999999999999694e-02
4.755200000000000315e+00 3.386399999999999966e-01 5.668000000000000121e-02
4.755860000000000198e+00 4.021100000000000230e-01 6.121000000000000052e-02
4.756520000000000081e+00 3.421799999999999842e-01 5.496000000000000191e-02
4.757179999999999964e+00 2.203900000000000026e-01 5.279999999999999971e-02
4.757839999999999847e+00 3.075200000000000156e-01 5.566999999999999726e-02
4.758499999999999730e+00 4.031699999999999728e-01 5.688000000000000000e-02
4.759159999999999613e+00 2.793300000000000227e-01 5.646000000000000324e-02
4.759820000000000384e+00 2.567599999999999882e-01 5.337000000000000077e-02
4.760480000000000267e+00 2.957199999999999829e-01 5.509000000000000008e-02
4.761140000000000150e+00 2.729599999999999804e-01 5.247999999999999887e-02
4.761800000000000033e+00 1.953400000000000136e-01 5.288999999999999951e-02
4.762459999999999916e+00 2.464699999999999946e-01 5.501999999999999946e-02
4.763119999999999798e+00 3.033399999999999985e-01 5.553000000000000297e-02
4.763779999999999681e+00 1.646199999999999886e-01 4.798999999999999794e-02
4.764439999999999564e+00 2.307400000000000007e-01 5.650000000000000161e-02
4.765100000000000335e+00 2.578400000000000136e-01 4.961000000000000132e-02
4.765760000000000218e+00 4.358400000000000052e-01 5.809999999999999887e-02
4.766420000000000101e+00 3.481400000000000050e-01 6.022000000000000269e-02
4.767079999999999984e+00 2.924999999999999822e-01 5.650999999999999773e-02
4.767739999999999867e+00 3.784000000000000141e-01 5.625999999999999751e-02
4.768399999999999750e+00 2.391699999999999937e-01 5.451000000000000290e-02
4.769070000000000142e+00 3.067300000000000026e-01 5.589000000000000218e-02
4.769720000000000404e+00 2.881099999999999772e-01 5.378999999999999754e-02
4.770380000000000287e+00 1.953000000000000014e-01 5.349999999999999895e-02
4.771040000000000170e+00 2.735500000000000154e-01 5.734000000000000208e-02
4.771700000000000053e+00 2.987400000000000055e-01 5.557999999999999746e-02
4.772359999999999935e+00 2.754499999999999726e-01 5.571999999999999870e-02
4.773019999999999818e+00 3.008299999999999863e-01 5.530999999999999805e-02
4.773679999999999701e+00 3.837900000000000200e-01 5.571000000000000257e-02
4.774339999999999584e+00 3.086300000000000154e-01 5.541999999999999704e-02
4.775000000000000355e+00 3.426299999999999901e-01 5.677999999999999714e-02
4.775660000000000238e+00 4.400200000000000222e-01 5.673000000000000265e-02
4.776320000000000121e+00 2.501300000000000190e-01 5.455000000000000127e-02
4.776989999999999625e+00 2.225100000000000133e-01 5.317999999999999811e-02
4.777639999999999887e+00 3.095300000000000273e-01 5.643999999999999712e-02
4.778310000000000279e+00 3.143699999999999828e-01 5.476999999999999924e-02
4.778959999999999653e+00 2.385200000000000098e-01 5.575999999999999707e-02
4.779620000000000424e+00 2.483799999999999897e-01 5.909999999999999976e-02
4.780280000000000307e+00 2.433500000000000107e-01 5.664999999999999897e-02
4.780940000000000190e+00 2.976900000000000102e-01 5.607000000000000178e-02
4.781600000000000072e+00 2.550399999999999889e-01 5.410000000000000225e-02
4.782259999999999955e+00 3.825799999999999756e-01 5.811999999999999805e-02
4.782930000000000348e+00 2.942699999999999760e-01 5.748999999999999944e-02
4.783579999999999721e+00 3.011499999999999733e-01 6.076999999999999763e-02
4.784239999999999604e+00 2.013399999999999912e-01 5.797000000000000069e-02
4.784900000000000375e+00 3.486400000000000055e-01 5.573000000000000176e-02
4.785560000000000258e+00 2.160299999999999998e-01 5.317000000000000198e-02
4.786220000000000141e+00 2.608900000000000108e-01 5.460999999999999882e-02
4.786880000000000024e+00 2.029299999999999993e-01 5.274000000000000216e-02
4.787539999999999907e+00 1.990099999999999925e-01 5.355000000000000038e-02
4.788199999999999790e+00 2.506200000000000094e-01 5.417000000000000287e-02
4.788859999999999673e+00 2.451800000000000090e-01 5.272999999999999909e-02
4.789520000000000444e+00 3.047699999999999854e-01 5.682999999999999857e-02
4.790180000000000327e+00 3.016699999999999937e-01 5.593999999999999667e-02
4.790840000000000209e+00 2.322099999999999997e-01 5.401999999999999857e-02
4.791500000000000092e+00 3.089899999999999869e-01 5.501999999999999946e-02
4.792159999999999975e+00 1.983499999999999985e-01 5.390000000000000346e-02
4.792819999999999858e+00 1.704199999999999882e-01 5.641999999999999793e-02
4.793479999999999741e+00 3.630399999999999738e-01 5.951000000000000040e-02
4.794139999999999624e+00 2.760799999999999921e-01 5.920999999999999874e-02
4.794800000000000395e+00 2.905300000000000105e-01 5.551999999999999991e-02
4.795460000000000278e+00 3.139299999999999868e-01 5.743999999999999800e-02
4.796120000000000161e+00 2.248600000000000043e-01 5.392999999999999877e-02
4.796780000000000044e+00 3.047199999999999909e-01 5.847999999999999726e-02
4.797439999999999927e+00 3.121700000000000030e-01 5.559000000000000052e-02
4.798099999999999810e+00 2.805099999999999816e-01 5.578000000000000319e-02
4.798759999999999692e+00 3.034399999999999875e-01 4.818000000000000060e-02
4.799419999999999575e+00 2.461699999999999999e-01 5.589999999999999830e-02
4.800080000000000346e+00 2.519100000000000228e-01 5.423999999999999655e-02
4.800740000000000229e+00 4.276699999999999946e-01 6.083000000000000212e-02
4.801400000000000112e+00 3.057900000000000063e-01 5.954000000000000264e-02
4.802059999999999995e+00 3.572899999999999965e-01 5.985999999999999654e-02
4.802719999999999878e+00 2.884499999999999842e-01 5.956000000000000183e-02
4.803379999999999761e+00 3.665599999999999969e-01 5.892000000000000015e-02
4.804039999999999644e+00 2.949899999999999745e-01 5.621000000000000302e-02
4.804700000000000415e+00 4.029300000000000104e-01 5.761999999999999761e-02
4.805360000000000298e+00 1.455299999999999927e-01 6.019000000000000045e-02
4.806020000000000181e+00 2.069900000000000073e-01 5.063000000000000139e-02
4.806670000000000442e+00 2.860699999999999910e-01 5.525000000000000050e-02
4.807339999999999947e+00 4.185300000000000131e-01 5.791000000000000314e-02
4.807990000000000208e+00 2.669300000000000006e-01 5.469000000000000250e-02
4.808650000000000091e+00 3.399300000000000099e-01 5.763000000000000067e-02
4.809309999999999974e+00 3.030399999999999761e-01 5.825000000000000316e-02
4.809969999999999857e+00 2.969100000000000072e-01 5.850000000000000339e-02
4.810629999999999740e+00 3.316600000000000104e-01 5.489999999999999741e-02
4.811289999999999623e+00 3.465500000000000247e-01 5.829999999999999766e-02
4.811950000000000394e+00 2.774199999999999999e-01 5.872000000000000136e-02
4.812610000000000277e+00 3.775200000000000222e-01 5.845000000000000195e-02
4.813270000000000159e+00 3.473999999999999866e-01 5.920000000000000262e-02
4.813930000000000042e+00 2.981400000000000161e-01 5.858000000000000013e-02
4.814589999999999925e+00 3.070599999999999996e-01 5.689000000000000307e-02
4.815249999999999808e+00 3.707099999999999840e-01 5.924000000000000099e-02
4.815909999999999691e+00 2.231700000000000073e-01 5.156000000000000166e-02
4.816569999999999574e+00 3.122500000000000275e-01 6.017000000000000126e-02
4.817230000000000345e+00 3.602600000000000247e-01 5.775000000000000272e-02
4.817890000000000228e+00 2.609899999999999998e-01 5.596000000000000280e-02
4.818550000000000111e+00 3.969400000000000150e-01 5.596999999999999892e-02
4.819200000000000372e+00 3.216499999999999915e-01 5.788999999999999702e-02
4.819860000000000255e+00 3.396100000000000230e-01 6.029000000000000331e-02
4.820520000000000138e+00 2.659299999999999997e-01 5.621000000000000302e-02
4.821180000000000021e+00 2.651299999999999768e-01 5.507999999999999702e-02
4.821839999999999904e+00 2.621899999999999786e-01 4.503000000000000058e-02
4.822499999999999787e+00 3.063899999999999957e-01 5.741999999999999882e-02
4.823159999999999670e+00 3.180999999999999939e-01 5.818999999999999867e-02
4.823820000000000441e+00 3.037900000000000045e-01 6.133000000000000257e-02
4.824480000000000324e+00 3.435599999999999765e-01 5.956000000000000183e-02
4.825140000000000207e+00 2.337400000000000033e-01 5.684000000000000163e-02
4.825789999999999580e+00 2.559500000000000108e-01 5.657999999999999835e-02
4.826459999999999972e+00 2.470799999999999941e-01 5.097000000000000142e-02
4.827119999999999855e+00 2.989399999999999835e-01 5.877000000000000279e-02
4.827779999999999738e+00 2.335699999999999998e-01 5.662999999999999978e-02
4.828439999999999621e+00 1.504399999999999904e-01 5.308999999999999830e-02
4.829089999999999883e+00 4.037100000000000133e-01 5.870999999999999830e-02
4.829749999999999766e+00 2.119399999999999895e-01 5.473999999999999699e-02
4.830409999999999648e+00 2.384699999999999875e-01 5.655999999999999917e-02
4.831070000000000420e+00 1.993300000000000072e-01 5.378999999999999754e-02
4.831730000000000302e+00 3.140000000000000013e-01 5.662999999999999978e-02
4.832390000000000185e+00 2.612099999999999977e-01 5.621000000000000302e-02
4.833050000000000068e+00 3.117800000000000016e-01 6.257999999999999674e-02
4.833709999999999951e+00 2.466399999999999981e-01 6.321000000000000230e-02
4.834369999999999834e+00 2.475600000000000023e-01 5.614000000000000240e-02
4.835029999999999717e+00 2.126399999999999957e-01 5.809999999999999887e-02
4.835679999999999978e+00 2.518199999999999883e-01 5.779999999999999721e-02
4.836339999999999861e+00 3.049999999999999933e-01 6.153000000000000136e-02
4.837010000000000254e+00 4.222799999999999887e-01 5.985000000000000042e-02
4.837659999999999627e+00 3.064899999999999847e-01 5.883000000000000035e-02
4.838320000000000398e+00 2.653300000000000103e-01 5.779000000000000109e-02
4.838980000000000281e+00 3.912599999999999967e-01 5.736999999999999739e-02
4.839640000000000164e+00 2.874700000000000033e-01 5.863999999999999768e-02
4.841619999999999813e+00 2.685899999999999954e-01 5.811999999999999805e-02
4.842279999999999696e+00 3.343200000000000061e-01 6.103999999999999704e-02
4.842939999999999579e+00 2.848600000000000021e-01 5.836000000000000215e-02
4.843589999999999840e+00 2.148899999999999977e-01 6.142000000000000237e-02
4.844249999999999723e+00 2.857399999999999940e-01 5.700000000000000205e-02
4.844909999999999606e+00 2.395799999999999874e-01 5.854999999999999788e-02
4.845570000000000377e+00 2.694799999999999973e-01 5.727999999999999758e-02
4.846230000000000260e+00 2.725400000000000045e-01 5.863999999999999768e-02
4.846890000000000143e+00 1.720099999999999962e-01 5.548999999999999766e-02
4.847540000000000404e+00 1.525700000000000112e-01 5.872000000000000136e-02
4.848209999999999908e+00 2.983100000000000196e-01 5.763999999999999679e-02
4.848860000000000170e+00 3.011099999999999888e-01 5.550000000000000072e-02
4.849529999999999674e+00 2.517699999999999938e-01 5.843999999999999889e-02
4.850179999999999936e+00 4.773200000000000220e-01 6.113999999999999990e-02
4.850839999999999819e+00 2.688699999999999979e-01 5.770000000000000129e-02
4.851499999999999702e+00 2.831299999999999928e-01 5.553999999999999909e-02
4.852159999999999584e+00 2.758200000000000096e-01 5.718000000000000166e-02
4.852820000000000356e+00 2.884999999999999787e-01 6.187999999999999751e-02
4.853480000000000238e+00 2.393000000000000127e-01 6.085999999999999743e-02
4.854140000000000121e+00 3.990199999999999858e-01 6.241000000000000020e-02
4.854790000000000383e+00 3.229699999999999793e-01 6.085000000000000131e-02
4.855450000000000266e+00 2.833300000000000263e-01 5.945000000000000284e-02
4.856110000000000149e+00 2.753999999999999782e-01 6.015000000000000208e-02
4.856770000000000032e+00 2.378099999999999936e-01 5.961999999999999938e-02
4.857429999999999914e+00 2.742899999999999783e-01 6.029999999999999943e-02
4.858089999999999797e+00 2.581200000000000161e-01 5.605999999999999872e-02
4.858749999999999680e+00 2.674300000000000010e-01 5.797999999999999682e-02
4.859409999999999563e+00 2.834300000000000153e-01 5.806000000000000050e-02
4.860070000000000334e+00 3.289900000000000047e-01 5.664999999999999897e-02
4.860719999999999708e+00 4.077700000000000213e-01 5.734000000000000208e-02
4.861379999999999590e+00 3.756900000000000239e-01 5.952000000000000346e-02
4.862040000000000362e+00 2.494200000000000028e-01 5.775999999999999884e-02
4.862700000000000244e+00 4.248999999999999999e-01 5.877000000000000279e-02
4.863360000000000127e+00 3.531400000000000095e-01 6.217999999999999916e-02
4.864020000000000010e+00 1.935000000000000053e-01 5.834999999999999909e-02
4.864670000000000272e+00 2.873200000000000198e-01 5.476000000000000312e-02
4.865330000000000155e+00 2.489699999999999969e-01 5.836000000000000215e-02
4.865990000000000038e+00 2.915699999999999958e-01 6.360000000000000375e-02
4.866649999999999920e+00 3.854699999999999793e-01 5.870000000000000218e-02
4.867309999999999803e+00 3.485699999999999910e-01 5.938000000000000222e-02
4.867969999999999686e+00 2.275600000000000123e-01 5.535000000000000336e-02
4.868629999999999569e+00 2.995099999999999985e-01 5.682000000000000245e-02
4.869290000000000340e+00 2.439500000000000002e-01 5.943999999999999978e-02
4.869939999999999714e+00 3.725200000000000178e-01 5.795000000000000151e-02
4.870599999999999596e+00 3.178799999999999959e-01 5.759999999999999842e-02
4.871260000000000367e+00 2.332700000000000051e-01 5.859999999999999931e-02
4.871920000000000250e+00 2.588099999999999845e-01 6.672000000000000153e-02
4.872580000000000133e+00 1.863400000000000056e-01 5.645000000000000018e-02
4.873240000000000016e+00 2.435299999999999965e-01 5.827999999999999847e-02
4.873890000000000278e+00 2.923399999999999888e-01 6.062000000000000027e-02
4.874550000000000161e+00 2.111699999999999966e-01 5.723000000000000309e-02
4.875219999999999665e+00 2.424800000000000011e-01 5.945999999999999897e-02
4.875869999999999926e+00 3.200200000000000267e-01 6.456000000000000627e-02
4.876529999999999809e+00 3.166399999999999770e-01 6.275999999999999635e-02
4.877189999999999692e+00 2.853800000000000225e-01 5.918999999999999956e-02
4.877849999999999575e+00 2.995700000000000029e-01 5.639999999999999875e-02
4.878510000000000346e+00 3.464800000000000102e-01 6.022999999999999882e-02
4.879159999999999719e+00 2.391399999999999915e-01 6.076999999999999763e-02
4.879819999999999602e+00 2.933700000000000196e-01 5.852000000000000257e-02
4.880480000000000373e+00 4.571999999999999953e-01 5.961999999999999938e-02
4.881140000000000256e+00 3.042500000000000204e-01 6.058000000000000190e-02
4.881800000000000139e+00 3.842099999999999960e-01 6.088999999999999968e-02
4.882460000000000022e+00 3.279599999999999738e-01 5.934999999999999998e-02
4.883110000000000284e+00 3.454300000000000148e-01 5.800000000000000294e-02
4.883770000000000167e+00 1.711600000000000066e-01 5.659999999999999754e-02
4.884430000000000049e+00 3.397999999999999909e-01 6.217999999999999916e-02
4.885089999999999932e+00 3.421799999999999842e-01 6.106999999999999929e-02
4.885749999999999815e+00 2.280399999999999927e-01 5.983000000000000124e-02
4.886400000000000077e+00 4.500799999999999801e-01 6.090000000000000274e-02
4.887059999999999960e+00 3.217599999999999905e-01 5.888999999999999790e-02
4.887719999999999843e+00 4.479500000000000148e-01 6.004999999999999921e-02
4.888379999999999725e+00 2.351699999999999902e-01 6.042000000000000148e-02
4.889039999999999608e+00 2.427799999999999958e-01 5.797000000000000069e-02
4.889700000000000379e+00 3.574899999999999745e-01 5.938000000000000222e-02
4.890360000000000262e+00 3.422100000000000142e-01 6.221000000000000141e-02
4.891009999999999636e+00 2.731600000000000139e-01 6.174999999999999933e-02
4.891670000000000407e+00 4.134599999999999942e-01 5.847999999999999726e-02
4.892330000000000290e+00 2.860500000000000265e-01 5.893000000000000321e-02
4.892990000000000173e+00 3.116200000000000081e-01 6.235000000000000264e-02
4.893650000000000055e+00 2.752899999999999792e-01 6.664000000000000479e-02
4.894309999999999938e+00 2.527599999999999847e-01 6.364999999999999825e-02
4.894960000000000200e+00 3.028899999999999926e-01 6.208999999999999936e-02
4.895620000000000083e+00 3.366399999999999948e-01 6.223000000000000059e-02
4.896279999999999966e+00 3.384900000000000131e-01 6.185000000000000220e-02
4.896939999999999849e+00 2.790099999999999802e-01 5.958000000000000101e-02
4.897590000000000110e+00 2.886199999999999877e-01 6.192999999999999894e-02
4.898259999999999614e+00 3.929199999999999915e-01 6.493000000000000160e-02
4.898909999999999876e+00 3.645599999999999952e-01 5.628999999999999976e-02
4.899569999999999759e+00 3.205500000000000016e-01 6.410000000000000420e-02
4.900229999999999642e+00 2.961799999999999988e-01 5.618000000000000077e-02
4.900890000000000413e+00 2.814699999999999980e-01 5.754000000000000087e-02
4.901539999999999786e+00 2.910800000000000054e-01 5.893999999999999934e-02
4.902199999999999669e+00 3.005900000000000238e-01 5.845999999999999808e-02
4.902860000000000440e+00 2.716100000000000181e-01 5.822999999999999704e-02
4.903520000000000323e+00 3.224899999999999989e-01 5.868000000000000299e-02
4.904169999999999696e+00 2.513799999999999923e-01 5.186000000000000332e-02
4.904840000000000089e+00 3.453600000000000003e-01 6.214999999999999691e-02
4.905490000000000350e+00 3.443300000000000249e-01 6.156999999999999973e-02
4.906150000000000233e+00 3.529700000000000060e-01 5.915999999999999731e-02
4.906810000000000116e+00 3.336799999999999766e-01 6.060000000000000109e-02
4.907460000000000377e+00 2.446599999999999886e-01 6.047999999999999904e-02
4.908120000000000260e+00 3.137099999999999889e-01 6.115999999999999909e-02
4.908780000000000143e+00 3.051400000000000223e-01 6.053999999999999659e-02
4.909440000000000026e+00 3.780700000000000172e-01 6.328000000000000291e-02
4.910099999999999909e+00 2.902799999999999825e-01 5.732000000000000289e-02
4.910750000000000171e+00 3.410099999999999798e-01 6.033000000000000168e-02
4.911419999999999675e+00 3.237700000000000022e-01 6.029999999999999943e-02
4.912069999999999936e+00 3.351100000000000190e-01 5.739999999999999963e-02
4.912729999999999819e+00 3.045700000000000074e-01 6.274000000000000410e-02
4.913380000000000081e+00 2.049199999999999910e-01 6.128999999999999726e-02
4.914039999999999964e+00 1.972599999999999909e-01 5.856999999999999706e-02
4.914699999999999847e+00 3.738000000000000211e-01 6.176999999999999852e-02
4.915359999999999729e+00 2.748300000000000187e-01 5.958999999999999714e-02
4.916019999999999612e+00 3.048500000000000099e-01 5.310000000000000137e-02
4.916669999999999874e+00 3.304000000000000270e-01 5.852000000000000257e-02
4.917329999999999757e+00 2.691399999999999904e-01 5.915000000000000119e-02
4.917989999999999640e+00 2.136599999999999888e-01 5.489000000000000129e-02
4.918650000000000411e+00 2.940300000000000136e-01 5.995999999999999941e-02
4.919310000000000294e+00 3.240999999999999992e-01 5.947000000000000203e-02
4.919959999999999667e+00 3.444499999999999784e-01 6.290999999999999370e-02
4.920620000000000438e+00 3.946799999999999753e-01 6.686000000000000276e-02
4.921280000000000321e+00 2.875599999999999823e-01 6.368000000000000049e-02
4.921940000000000204e+00 3.541400000000000103e-01 6.053999999999999659e-02
4.922600000000000087e+00 2.302400000000000002e-01 5.720999999999999697e-02
4.923259999999999970e+00 3.465500000000000247e-01 6.164000000000000035e-02
4.923910000000000231e+00 2.704500000000000237e-01 5.652999999999999692e-02
4.924570000000000114e+00 3.256499999999999950e-01 6.008999999999999758e-02
4.925220000000000375e+00 2.551499999999999879e-01 6.468999999999999750e-02
4.925880000000000258e+00 3.325299999999999923e-01 6.173000000000000015e-02
4.926540000000000141e+00 2.756000000000000116e-01 6.471999999999999975e-02
4.927200000000000024e+00 1.999400000000000066e-01 6.133999999999999869e-02
4.927859999999999907e+00 2.299100000000000033e-01 6.124999999999999889e-02
4.928510000000000169e+00 2.666799999999999726e-01 5.970000000000000306e-02
4.929170000000000051e+00 3.281499999999999972e-01 6.364000000000000212e-02
4.929829999999999934e+00 2.381699999999999928e-01 5.825999999999999929e-02
4.930489999999999817e+00 3.489599999999999924e-01 6.028000000000000025e-02
4.931140000000000079e+00 2.179699999999999971e-01 5.825999999999999929e-02
4.931799999999999962e+00 2.345599999999999907e-01 6.214999999999999691e-02
4.932459999999999845e+00 3.932100000000000040e-01 6.325999999999999679e-02
4.933110000000000106e+00 2.318800000000000028e-01 5.911999999999999894e-02
4.933769999999999989e+00 2.754199999999999982e-01 5.918000000000000344e-02
4.934429999999999872e+00 3.583200000000000274e-01 6.239000000000000101e-02
4.935089999999999755e+00 2.519399999999999973e-01 5.951000000000000040e-02
4.935749999999999638e+00 3.145100000000000118e-01 6.338000000000000578e-02
4.936410000000000409e+00 3.036699999999999955e-01 6.529999999999999694e-02
4.937059999999999782e+00 3.121300000000000185e-01 6.097999999999999948e-02
4.937719999999999665e+00 3.483100000000000085e-01 6.378999999999999948e-02
4.938380000000000436e+00 1.490200000000000136e-01 6.479999999999999649e-02
4.939029999999999809e+00 4.422099999999999920e-01 6.106000000000000316e-02
4.939689999999999692e+00 3.659899999999999820e-01 5.841999999999999971e-02
4.940349999999999575e+00 2.259099999999999997e-01 5.661000000000000060e-02
4.941010000000000346e+00 3.019499999999999962e-01 5.963000000000000245e-02
4.941659999999999719e+00 3.663399999999999990e-01 6.146999999999999686e-02
4.942319999999999602e+00 3.908800000000000052e-01 6.237000000000000183e-02
4.942980000000000373e+00 3.335500000000000131e-01 6.392000000000000459e-02
4.943640000000000256e+00 3.100800000000000223e-01 6.062000000000000027e-02
4.944289999999999630e+00 3.099799999999999778e-01 6.226000000000000284e-02
4.944950000000000401e+00 2.593099999999999850e-01 6.133999999999999869e-02
4.945610000000000284e+00 2.660199999999999787e-01 6.019000000000000045e-02
4.946259999999999657e+00 2.723300000000000165e-01 6.088999999999999968e-02
4.946930000000000049e+00 2.135299999999999976e-01 6.169999999999999790e-02
4.947580000000000311e+00 3.800799999999999734e-01 6.415999999999999481e-02
4.948240000000000194e+00 3.047300000000000009e-01 6.496000000000000385e-02
4.948889999999999567e+00 3.055700000000000083e-01 6.482000000000000262e-02
4.949550000000000338e+00 2.777999999999999914e-01 6.185999999999999832e-02
4.950210000000000221e+00 2.651700000000000168e-01 6.239000000000000101e-02
4.950870000000000104e+00 3.349699999999999900e-01 6.037000000000000005e-02
4.951520000000000366e+00 2.800799999999999956e-01 6.121999999999999664e-02
4.952840000000000131e+00 3.110200000000000187e-01 6.223999999999999672e-02
4.953490000000000393e+00 2.571999999999999842e-01 6.328999999999999904e-02
4.954150000000000276e+00 2.273199999999999943e-01 6.378999999999999948e-02
4.954810000000000159e+00 1.390899999999999914e-01 5.890999999999999709e-02
4.955470000000000041e+00 2.503500000000000170e-01 5.761000000000000149e-02
4.956129999999999924e+00 2.530800000000000272e-01 6.004999999999999921e-02
4.956780000000000186e+00 3.906499999999999972e-01 6.321000000000000230e-02
4.957440000000000069e+00 2.127600000000000047e-01 6.560000000000000553e-02
4.958090000000000330e+00 3.217400000000000260e-01 6.169999999999999790e-02
4.958750000000000213e+00 3.474999999999999756e-01 6.444999999999999341e-02
4.959410000000000096e+00 3.231999999999999873e-01 6.124999999999999889e-02
4.960069999999999979e+00 2.343600000000000128e-01 6.543999999999999817e-02
4.960720000000000240e+00 1.746399999999999897e-01 6.476999999999999424e-02
4.961380000000000123e+00 3.143000000000000238e-01 6.121999999999999664e-02
4.962040000000000006e+00 2.653300000000000103e-01 6.418999999999999706e-02
4.962690000000000268e+00 3.780499999999999972e-01 5.874999999999999667e-02
4.963350000000000151e+00 2.575700000000000212e-01 5.902999999999999914e-02
4.964010000000000034e+00 2.954300000000000259e-01 6.092000000000000193e-02
4.964669999999999916e+00 2.507400000000000184e-01 6.069999999999999701e-02
4.965320000000000178e+00 2.315699999999999981e-01 5.668999999999999734e-02
4.965980000000000061e+00 2.237599999999999867e-01 6.199999999999999956e-02
4.966639999999999944e+00 2.728099999999999969e-01 6.196999999999999731e-02
4.967290000000000205e+00 2.327200000000000102e-01 6.439000000000000279e-02
4.967950000000000088e+00 1.768599999999999894e-01 5.358000000000000262e-02
4.968609999999999971e+00 4.197799999999999865e-01 7.040000000000000424e-02
4.969260000000000232e+00 2.482499999999999984e-01 6.224999999999999978e-02
4.969920000000000115e+00 4.467700000000000005e-01 6.557000000000000328e-02
4.970579999999999998e+00 3.506400000000000072e-01 6.293999999999999595e-02
4.971230000000000260e+00 2.698099999999999943e-01 5.981999999999999817e-02
4.971890000000000143e+00 3.228300000000000058e-01 6.708999999999999686e-02
4.972550000000000026e+00 2.560100000000000153e-01 6.463000000000000689e-02
4.973209999999999908e+00 3.316399999999999904e-01 6.396999999999999909e-02
4.973860000000000170e+00 2.718099999999999961e-01 5.972000000000000225e-02
4.974520000000000053e+00 2.385400000000000020e-01 5.927000000000000324e-02
4.975170000000000314e+00 2.190600000000000047e-01 6.063000000000000334e-02
4.975830000000000197e+00 2.574799999999999867e-01 6.124999999999999889e-02
4.976490000000000080e+00 2.548799999999999955e-01 5.967000000000000082e-02
4.977149999999999963e+00 1.788399999999999990e-01 5.886999999999999872e-02
4.977800000000000225e+00 3.064500000000000002e-01 6.282999999999999696e-02
4.978460000000000107e+00 2.566100000000000048e-01 7.025000000000000688e-02
4.979119999999999990e+00 3.946000000000000063e-01 6.691999999999999338e-02
4.979770000000000252e+00 2.792899999999999827e-01 6.392000000000000459e-02
4.980430000000000135e+00 3.337200000000000166e-01 6.335999999999999965e-02
4.981080000000000396e+00 2.916199999999999903e-01 6.076000000000000151e-02
4.981740000000000279e+00 3.046800000000000064e-01 6.579999999999999738e-02
4.982400000000000162e+00 3.730600000000000027e-01 6.669999999999999540e-02
4.983060000000000045e+00 2.198299999999999976e-01 6.196000000000000119e-02
4.983710000000000306e+00 3.261000000000000010e-01 6.575000000000000289e-02
4.984370000000000189e+00 2.190900000000000070e-01 6.335999999999999965e-02
4.985030000000000072e+00 3.059100000000000152e-01 5.816000000000000336e-02
4.985680000000000334e+00 2.818599999999999994e-01 6.306000000000000494e-02
4.986340000000000217e+00 1.605300000000000060e-01 5.938000000000000222e-02
4.987000000000000099e+00 3.133099999999999774e-01 5.988999999999999879e-02
4.987650000000000361e+00 2.854499999999999815e-01 6.353000000000000314e-02
4.988310000000000244e+00 2.971300000000000052e-01 6.244999999999999857e-02
4.988970000000000127e+00 1.913300000000000001e-01 6.208999999999999936e-02
4.989620000000000388e+00 4.509799999999999920e-01 6.979000000000000481e-02
4.990280000000000271e+00 4.496299999999999741e-01 6.733000000000000096e-02
4.990940000000000154e+00 3.839799999999999880e-01 6.833000000000000185e-02
4.991590000000000416e+00 2.753200000000000092e-01 6.658999999999999642e-02
4.992250000000000298e+00 2.370200000000000085e-01 6.242999999999999938e-02
4.992910000000000181e+00 2.489099999999999924e-01 5.934999999999999998e-02
4.993560000000000443e+00 2.988000000000000100e-01 5.974000000000000143e-02
4.994220000000000326e+00 3.011599999999999833e-01 6.267000000000000348e-02
4.994869999999999699e+00 3.120600000000000041e-01 6.512999999999999345e-02
4.995529999999999582e+00 4.335600000000000009e-01 6.205000000000000099e-02
4.996190000000000353e+00 2.681000000000000050e-01 6.433999999999999442e-02
4.996839999999999726e+00 3.199500000000000122e-01 6.158000000000000279e-02
4.997499999999999609e+00 2.052599999999999980e-01 5.827999999999999847e-02
4.998149999999999871e+00 2.923000000000000043e-01 6.528000000000000469e-02
4.998809999999999754e+00 3.165600000000000080e-01 6.257999999999999674e-02
4.999469999999999636e+00 2.737299999999999733e-01 6.711000000000000298e-02
5.000130000000000408e+00 4.385200000000000209e-01 6.976999999999999869e-02
5.000779999999999781e+00 3.107900000000000107e-01 6.487999999999999323e-02
5.001439999999999664e+00 3.576199999999999934e-01 6.962999999999999745e-02
5.002089999999999925e+00 3.378900000000000237e-01 6.747999999999999832e-02
5.003409999999999691e+00 3.977200000000000180e-01 6.936000000000000498e-02
5.004069999999999574e+00 3.933099999999999929e-01 6.722999999999999809e-02
5.004719999999999835e+00 4.262400000000000078e-01 6.504999999999999671e-02
5.005379999999999718e+00 1.808099999999999985e-01 6.356000000000000538e-02
5.006029999999999980e+00 2.842999999999999972e-01 6.507000000000000284e-02
5.006689999999999863e+00 2.518299999999999983e-01 6.761999999999999955e-02
5.007340000000000124e+00 2.007700000000000040e-01 6.450000000000000178e-02
5.008000000000000007e+00 3.423399999999999777e-01 6.637999999999999456e-02
5.008659999999999890e+00 2.749300000000000077e-01 6.776000000000000079e-02
5.009310000000000151e+00 2.530999999999999917e-01 6.490999999999999548e-02
5.009970000000000034e+00 3.291799999999999726e-01 6.493000000000000160e-02
5.010629999999999917e+00 2.385099999999999998e-01 6.585000000000000575e-02
5.011280000000000179e+00 2.646600000000000064e-01 6.682000000000000439e-02
5.011940000000000062e+00 3.042699999999999849e-01 6.468000000000000138e-02
5.012599999999999945e+00 1.749600000000000044e-01 5.695000000000000062e-02
5.013250000000000206e+00 3.014299999999999757e-01 6.586999999999999800e-02
5.013910000000000089e+00 2.367200000000000137e-01 6.185000000000000220e-02
5.014560000000000350e+00 4.312199999999999922e-01 6.761000000000000343e-02
5.015220000000000233e+00 3.420799999999999952e-01 6.961000000000000520e-02
5.015869999999999607e+00 3.861399999999999832e-01 6.487999999999999323e-02
5.016530000000000378e+00 3.392899999999999805e-01 6.642000000000000681e-02
5.017190000000000261e+00 2.749400000000000177e-01 6.212000000000000161e-02
5.017839999999999634e+00 4.057499999999999996e-01 7.363999999999999713e-02
5.018500000000000405e+00 4.751199999999999868e-01 7.084000000000000019e-02
5.019149999999999778e+00 4.036299999999999888e-01 6.640999999999999681e-02
5.019809999999999661e+00 2.709599999999999786e-01 6.564000000000000390e-02
5.020470000000000432e+00 3.130600000000000049e-01 6.615000000000000047e-02
5.021130000000000315e+00 2.695799999999999863e-01 6.531000000000000694e-02
5.021779999999999688e+00 2.751700000000000257e-01 6.988999999999999380e-02
5.022439999999999571e+00 2.586800000000000210e-01 6.414000000000000257e-02
5.023089999999999833e+00 2.683200000000000029e-01 6.414000000000000257e-02
5.023749999999999716e+00 3.028899999999999926e-01 5.859000000000000319e-02
5.024399999999999977e+00 2.675299999999999900e-01 6.736000000000000321e-02
5.025059999999999860e+00 4.124900000000000233e-01 6.399000000000000521e-02
5.025710000000000122e+00 2.262000000000000122e-01 6.743000000000000382e-02
5.026370000000000005e+00 5.204499999999999682e-01 6.539000000000000368e-02
5.027029999999999887e+00 2.324400000000000077e-01 5.838000000000000134e-02
5.027680000000000149e+00 1.953900000000000081e-01 6.578000000000000513e-02
5.028340000000000032e+00 3.271899999999999809e-01 7.044999999999999873e-02
5.028999999999999915e+00 3.942999999999999838e-01 6.532999999999999918e-02
5.029650000000000176e+00 2.994299999999999740e-01 6.593000000000000249e-02
5.030310000000000059e+00 2.356900000000000106e-01 6.891999999999999515e-02
5.030960000000000321e+00 3.041499999999999759e-01 6.783000000000000140e-02
5.031620000000000203e+00 3.382200000000000206e-01 7.073999999999999733e-02
5.032269999999999577e+00 3.356999999999999984e-01 7.754999999999999394e-02
5.032930000000000348e+00 3.465599999999999792e-01 6.794999999999999651e-02
5.033579999999999721e+00 3.947599999999999998e-01 6.693000000000000338e-02
5.034239999999999604e+00 2.963000000000000078e-01 6.690999999999999726e-02
5.034900000000000375e+00 2.724599999999999800e-01 6.517000000000000570e-02
5.035549999999999748e+00 3.058100000000000263e-01 6.410000000000000420e-02
5.036209999999999631e+00 2.433400000000000007e-01 6.597000000000000086e-02
5.036859999999999893e+00 2.642200000000000104e-01 6.647999999999999743e-02
5.037519999999999776e+00 1.636700000000000099e-01 5.995000000000000329e-02
5.038179999999999659e+00 3.144299999999999873e-01 5.945000000000000284e-02
5.038829999999999920e+00 3.204500000000000126e-01 6.404999999999999583e-02
5.039480000000000182e+00 3.348300000000000165e-01 6.886000000000000454e-02
5.040140000000000065e+00 3.084000000000000075e-01 7.105999999999999817e-02
5.040799999999999947e+00 2.786299999999999888e-01 6.761999999999999955e-02
5.041450000000000209e+00 2.780799999999999939e-01 6.447999999999999565e-02
5.042110000000000092e+00 3.592199999999999838e-01 6.825000000000000511e-02
5.042769999999999975e+00 2.665399999999999991e-01 6.822999999999999898e-02
5.043420000000000236e+00 3.340699999999999781e-01 6.721000000000000585e-02
5.044080000000000119e+00 3.606199999999999961e-01 6.840000000000000246e-02
5.044730000000000381e+00 2.899700000000000055e-01 6.775000000000000466e-02
5.045390000000000263e+00 2.379100000000000104e-01 6.431000000000000605e-02
5.046039999999999637e+00 3.919900000000000051e-01 6.753000000000000669e-02
5.046700000000000408e+00 3.641599999999999837e-01 6.912000000000000088e-02
5.047349999999999781e+00 2.582800000000000096e-01 6.784999999999999365e-02
5.048659999999999926e+00 2.394399999999999862e-01 6.542000000000000592e-02
5.049319999999999808e+00 2.985800000000000121e-01 6.554000000000000103e-02
5.049970000000000070e+00 2.376900000000000124e-01 6.101999999999999785e-02
5.050629999999999953e+00 1.825499999999999901e-01 5.963999999999999857e-02
5.051289999999999836e+00 2.358999999999999986e-01 6.597999999999999698e-02
5.051940000000000097e+00 2.336199999999999943e-01 6.471999999999999975e-02
5.052590000000000359e+00 3.961100000000000176e-01 6.747000000000000219e-02
5.053250000000000242e+00 1.660999999999999976e-01 6.272999999999999410e-02
5.053910000000000124e+00 3.262300000000000200e-01 6.826999999999999735e-02
5.054560000000000386e+00 4.412400000000000211e-01 7.320000000000000118e-02
5.055220000000000269e+00 3.551099999999999812e-01 7.166000000000000147e-02
5.055869999999999642e+00 3.941700000000000204e-01 6.719999999999999585e-02
5.056530000000000413e+00 2.999700000000000144e-01 6.149999999999999911e-02
5.057179999999999787e+00 2.675500000000000100e-01 6.722000000000000197e-02
5.057839999999999669e+00 2.084699999999999886e-01 6.290999999999999370e-02
5.058500000000000441e+00 2.808499999999999885e-01 6.403999999999999970e-02
5.059149999999999814e+00 1.531599999999999906e-01 6.691999999999999338e-02
5.059809999999999697e+00 3.494599999999999929e-01 6.883999999999999841e-02
5.060459999999999958e+00 2.187300000000000078e-01 6.519999999999999407e-02
5.061119999999999841e+00 2.575600000000000112e-01 6.568999999999999839e-02
5.061770000000000103e+00 3.054299999999999793e-01 6.056000000000000272e-02
5.062429999999999986e+00 3.690999999999999837e-01 6.869000000000000106e-02
5.063080000000000247e+00 3.095399999999999818e-01 6.593999999999999861e-02
5.063740000000000130e+00 1.994100000000000039e-01 6.376999999999999336e-02
5.064390000000000391e+00 2.177900000000000114e-01 6.475000000000000200e-02
5.065050000000000274e+00 3.351299999999999835e-01 6.586000000000000187e-02
5.065699999999999648e+00 3.634100000000000108e-01 6.895999999999999353e-02
5.066360000000000419e+00 3.374699999999999922e-01 7.190000000000000557e-02
5.067009999999999792e+00 3.479400000000000270e-01 6.840000000000000246e-02
5.067669999999999675e+00 2.187199999999999978e-01 6.468000000000000138e-02
5.068329999999999558e+00 3.340199999999999836e-01 6.493999999999999773e-02
5.068979999999999819e+00 3.005200000000000093e-01 5.995000000000000329e-02
5.069639999999999702e+00 2.039900000000000047e-01 6.532000000000000306e-02
5.070289999999999964e+00 3.235399999999999943e-01 6.580999999999999350e-02
5.070940000000000225e+00 3.140499999999999958e-01 6.415999999999999481e-02
5.071600000000000108e+00 2.309199999999999864e-01 6.646000000000000518e-02
5.072259999999999991e+00 2.715600000000000236e-01 6.371999999999999886e-02
5.072910000000000252e+00 2.190799999999999970e-01 6.321000000000000230e-02
5.073570000000000135e+00 2.373999999999999999e-01 6.296000000000000207e-02
5.074220000000000397e+00 3.189899999999999958e-01 6.769000000000000017e-02
5.074880000000000280e+00 2.626100000000000101e-01 6.707000000000000461e-02
5.075529999999999653e+00 3.070700000000000096e-01 6.693000000000000338e-02
5.076179999999999914e+00 2.839300000000000157e-01 6.489000000000000323e-02
5.076839999999999797e+00 3.640200000000000102e-01 6.461999999999999689e-02
5.077499999999999680e+00 2.719400000000000150e-01 6.672000000000000153e-02
5.078149999999999942e+00 2.777899999999999814e-01 6.408999999999999420e-02
5.078809999999999825e+00 2.950099999999999945e-01 6.884999999999999454e-02
5.079460000000000086e+00 3.189799999999999858e-01 6.589000000000000412e-02
5.080119999999999969e+00 3.220700000000000229e-01 6.730999999999999484e-02
5.080770000000000231e+00 2.892299999999999871e-01 6.357999999999999763e-02
5.081430000000000113e+00 2.266199999999999881e-01 5.718000000000000166e-02
5.082080000000000375e+00 3.492799999999999794e-01 6.410000000000000420e-02
5.082729999999999748e+00 1.886200000000000099e-01 6.755999999999999506e-02
5.083389999999999631e+00 2.927600000000000202e-01 6.533999999999999531e-02
5.084039999999999893e+00 3.155499999999999972e-01 6.332999999999999741e-02
5.084699999999999775e+00 2.767899999999999805e-01 6.449000000000000565e-02
5.085350000000000037e+00 2.956599999999999784e-01 6.569999999999999452e-02
5.086009999999999920e+00 1.844899999999999873e-01 6.215999999999999998e-02
5.086660000000000181e+00 3.242300000000000182e-01 6.660000000000000642e-02
5.087320000000000064e+00 2.007500000000000118e-01 6.414999999999999869e-02
5.087970000000000326e+00 2.993700000000000250e-01 6.626999999999999558e-02
5.088630000000000209e+00 2.208199999999999885e-01 6.626999999999999558e-02
5.089279999999999582e+00 2.812700000000000200e-01 6.464000000000000301e-02
5.089940000000000353e+00 2.909999999999999809e-01 6.751000000000000056e-02
5.090589999999999726e+00 2.105100000000000027e-01 6.891999999999999515e-02
5.091249999999999609e+00 2.365800000000000125e-01 6.622000000000000108e-02
5.091899999999999871e+00 3.806800000000000184e-01 6.895999999999999353e-02
5.092550000000000132e+00 1.866800000000000126e-01 6.801999999999999713e-02
5.093210000000000015e+00 2.323500000000000010e-01 6.965000000000000357e-02
5.093869999999999898e+00 3.291999999999999926e-01 6.719999999999999585e-02
5.094520000000000159e+00 3.845000000000000084e-01 6.342000000000000415e-02
5.095180000000000042e+00 3.840999999999999970e-01 6.836000000000000409e-02
5.095830000000000304e+00 3.934799999999999964e-01 6.331000000000000516e-02
5.096490000000000187e+00 2.495699999999999863e-01 6.360000000000000375e-02
5.097139999999999560e+00 2.419000000000000039e-01 6.615999999999999659e-02
5.097800000000000331e+00 3.580900000000000194e-01 6.715999999999999748e-02
5.098449999999999704e+00 2.057700000000000085e-01 6.522000000000000020e-02
5.099099999999999966e+00 5.221700000000000230e-01 6.920999999999999375e-02
5.099759999999999849e+00 2.860300000000000065e-01 6.300999999999999657e-02
5.100410000000000110e+00 2.725000000000000200e-01 6.572999999999999676e-02
5.101060000000000372e+00 2.356199999999999961e-01 6.469999999999999363e-02
5.101720000000000255e+00 2.406099999999999905e-01 6.155000000000000054e-02
5.102380000000000138e+00 2.510399999999999854e-01 5.347999999999999976e-02
5.103030000000000399e+00 2.962500000000000133e-01 6.660000000000000642e-02
5.103679999999999772e+00 3.716700000000000004e-01 6.565000000000000002e-02
5.104339999999999655e+00 2.218700000000000117e-01 6.633999999999999619e-02
5.104989999999999917e+00 2.204000000000000126e-01 6.628000000000000558e-02
5.105649999999999800e+00 2.047200000000000131e-01 6.679000000000000214e-02
5.106300000000000061e+00 3.359099999999999864e-01 7.030000000000000138e-02
5.106959999999999944e+00 1.883499999999999897e-01 6.485000000000000486e-02
5.107610000000000205e+00 2.549100000000000255e-01 6.436000000000000054e-02
5.108259999999999579e+00 3.215000000000000080e-01 6.775000000000000466e-02
5.108920000000000350e+00 2.743900000000000228e-01 6.407999999999999807e-02
5.109569999999999723e+00 3.016300000000000092e-01 6.579000000000000126e-02
5.110229999999999606e+00 3.052500000000000213e-01 6.754999999999999893e-02
5.110879999999999868e+00 2.746500000000000052e-01 6.310000000000000331e-02
5.111539999999999750e+00 3.332499999999999907e-01 6.338000000000000578e-02
5.112190000000000012e+00 3.399800000000000044e-01 6.832000000000000572e-02
5.112849999999999895e+00 3.930199999999999805e-01 6.843000000000000471e-02
5.113500000000000156e+00 2.617499999999999827e-01 6.340999999999999415e-02
5.114150000000000418e+00 1.710099999999999953e-01 5.979999999999999899e-02
5.114810000000000301e+00 2.724199999999999955e-01 6.474000000000000588e-02
5.115459999999999674e+00 1.604500000000000093e-01 6.503000000000000447e-02
5.116119999999999557e+00 2.438400000000000012e-01 6.072999999999999926e-02
5.116769999999999818e+00 3.127900000000000125e-01 6.333999999999999353e-02
5.117420000000000080e+00 1.756500000000000006e-01 6.239999999999999714e-02
5.118079999999999963e+00 4.634300000000000086e-01 6.908000000000000251e-02
5.118739999999999846e+00 2.727299999999999724e-01 7.048000000000000098e-02
5.119390000000000107e+00 2.385599999999999943e-01 6.063999999999999946e-02
5.120040000000000369e+00 3.168199999999999905e-01 6.600000000000000311e-02
5.120700000000000252e+00 4.826699999999999879e-01 7.226000000000000478e-02
5.121349999999999625e+00 2.688099999999999934e-01 6.375000000000000111e-02
5.122010000000000396e+00 1.586599999999999955e-01 6.529000000000000081e-02
5.122659999999999769e+00 3.502600000000000158e-01 6.919999999999999762e-02
5.123310000000000031e+00 2.760500000000000176e-01 6.033999999999999780e-02
5.123969999999999914e+00 2.362200000000000133e-01 6.446999999999999953e-02
5.124620000000000175e+00 3.196999999999999842e-01 6.564000000000000390e-02
5.125280000000000058e+00 3.769600000000000173e-01 6.790999999999999814e-02
5.125930000000000319e+00 1.079699999999999965e-01 5.838999999999999746e-02
5.126579999999999693e+00 3.528999999999999915e-01 6.435000000000000442e-02
5.127229999999999954e+00 2.662599999999999967e-01 6.428000000000000380e-02
5.127889999999999837e+00 3.248699999999999921e-01 6.539999999999999980e-02
5.128540000000000099e+00 2.674900000000000055e-01 6.486000000000000099e-02
5.129199999999999982e+00 4.001100000000000212e-01 6.489999999999999936e-02
5.129850000000000243e+00 2.471700000000000008e-01 6.628000000000000558e-02
5.132469999999999644e+00 2.965800000000000103e-01 6.862000000000000044e-02
5.133119999999999905e+00 2.493400000000000061e-01 6.930999999999999661e-02
5.133770000000000167e+00 2.382499999999999896e-01 6.450999999999999790e-02
5.134430000000000049e+00 2.143500000000000127e-01 6.578000000000000513e-02
5.135080000000000311e+00 2.924399999999999777e-01 6.640000000000000069e-02
5.135740000000000194e+00 2.418500000000000094e-01 6.388000000000000622e-02
5.136389999999999567e+00 2.652100000000000013e-01 6.496999999999999997e-02
5.137050000000000338e+00 2.820799999999999974e-01 6.854000000000000370e-02
5.137699999999999712e+00 3.043299999999999894e-01 6.572999999999999676e-02
5.138359999999999594e+00 2.662100000000000022e-01 6.286999999999999533e-02
5.139009999999999856e+00 2.926599999999999757e-01 6.597999999999999698e-02
5.139660000000000117e+00 3.394599999999999840e-01 6.722000000000000197e-02
5.140310000000000379e+00 2.729400000000000159e-01 6.673999999999999377e-02
5.140970000000000262e+00 3.282700000000000062e-01 6.666999999999999316e-02
5.141619999999999635e+00 2.566599999999999993e-01 6.396999999999999909e-02
5.142269999999999897e+00 2.924300000000000233e-01 7.088999999999999468e-02
5.142929999999999779e+00 3.663399999999999990e-01 6.679000000000000214e-02
5.143580000000000041e+00 2.710400000000000031e-01 6.919000000000000150e-02
5.144239999999999924e+00 4.588300000000000156e-01 7.162000000000000310e-02
5.144890000000000185e+00 3.607199999999999851e-01 6.984999999999999543e-02
5.145539999999999559e+00 3.224500000000000144e-01 7.444000000000000616e-02
5.146849999999999703e+00 3.969099999999999850e-01 6.991999999999999604e-02
5.147509999999999586e+00 2.503199999999999870e-01 6.955000000000000071e-02
5.148159999999999847e+00 2.854700000000000015e-01 6.679000000000000214e-02
5.148810000000000109e+00 2.836400000000000032e-01 6.633999999999999619e-02
5.149469999999999992e+00 2.662900000000000267e-01 6.797000000000000264e-02
5.150120000000000253e+00 1.822600000000000053e-01 6.632000000000000395e-02
5.150769999999999627e+00 1.806500000000000050e-01 6.589000000000000412e-02
5.151419999999999888e+00 2.903800000000000270e-01 6.907000000000000639e-02
5.152079999999999771e+00 2.499300000000000133e-01 6.755999999999999506e-02
5.152739999999999654e+00 3.934799999999999964e-01 7.108000000000000429e-02
5.153389999999999915e+00 2.657399999999999762e-01 6.242999999999999938e-02
5.154040000000000177e+00 2.666899999999999826e-01 6.665999999999999703e-02
5.154700000000000060e+00 2.628199999999999981e-01 7.094999999999999918e-02
5.155339999999999812e+00 2.791199999999999792e-01 7.111000000000000654e-02
5.155999999999999694e+00 3.245500000000000052e-01 6.975000000000000644e-02
5.158619999999999983e+00 3.402499999999999969e-01 7.062000000000000222e-02
5.159270000000000245e+00 3.112099999999999866e-01 7.356000000000000039e-02
5.159919999999999618e+00 2.610299999999999843e-01 6.913999999999999313e-02
5.160580000000000389e+00 3.109399999999999942e-01 7.177999999999999658e-02
5.161229999999999762e+00 3.398399999999999754e-01 7.091999999999999693e-02
5.161880000000000024e+00 2.274500000000000133e-01 6.549000000000000654e-02
5.162539999999999907e+00 3.225500000000000034e-01 7.342999999999999527e-02
5.163190000000000168e+00 2.707800000000000207e-01 7.122000000000000552e-02
5.163850000000000051e+00 3.400400000000000089e-01 7.005999999999999728e-02
5.164500000000000313e+00 4.842099999999999738e-01 7.416999999999999982e-02
5.165149999999999686e+00 2.324100000000000055e-01 7.358000000000000651e-02
5.165809999999999569e+00 2.554299999999999904e-01 7.180000000000000271e-02
5.166459999999999830e+00 2.620100000000000207e-01 7.341999999999999915e-02
5.167110000000000092e+00 3.042799999999999949e-01 8.179999999999999771e-02
5.167769999999999975e+00 2.952899999999999969e-01 8.312999999999999556e-02
5.168409999999999727e+00 2.756600000000000161e-01 8.605999999999999761e-02
5.169719999999999871e+00 1.296700000000000075e-01 8.515000000000000346e-02
5.170379999999999754e+00 3.959300000000000042e-01 9.661000000000000143e-02
5.171030000000000015e+00 1.607800000000000062e-01 9.447999999999999454e-02
5.171689999999999898e+00 3.231100000000000083e-01 1.032399999999999984e-01
5.172340000000000160e+00 3.686599999999999877e-01 1.171800000000000064e-01
5.172990000000000421e+00 3.091700000000000004e-01 1.181200000000000028e-01
5.173650000000000304e+00 2.441500000000000059e-01 1.326600000000000001e-01
5.174290000000000056e+00 2.778300000000000214e-01 1.368800000000000017e-01
